trend_name,trend_url,trend_query,tweet_volume,searched_at_datetime,searched_in_country
#4corners,http://twitter.com/search?q=%234corners,%234corners,,2021-05-24 16:10:20.845908,Australia
#couchpeloton,http://twitter.com/search?q=%23couchpeloton,%23couchpeloton,,2021-05-24 16:10:20.845908,Australia
#Eternals,http://twitter.com/search?q=%23Eternals,%23Eternals,160462.0,2021-05-24 16:10:20.845908,Australia
#PanVisibilityDay,http://twitter.com/search?q=%23PanVisibilityDay,%23PanVisibilityDay,14413.0,2021-05-24 16:10:20.845908,Australia
#Giro,http://twitter.com/search?q=%23Giro,%23Giro,25718.0,2021-05-24 16:10:20.845908,Australia
#Eternals,http://twitter.com/search?q=%23Eternals,%23Eternals,160807.0,2021-05-24 16:10:20.845908,Brazil
#VALORANTMasters,http://twitter.com/search?q=%23VALORANTMasters,%23VALORANTMasters,,2021-05-24 16:10:20.845908,Brazil
#DIGAMENSTRUAÇÃO,http://twitter.com/search?q=%23DIGAMENSTRUA%C3%87%C3%83O,%23DIGAMENSTRUA%C3%87%C3%83O,,2021-05-24 16:10:20.845908,Brazil
#FREEZE_Tracklist,http://twitter.com/search?q=%23FREEZE_Tracklist,%23FREEZE_Tracklist,131698.0,2021-05-24 16:10:20.845908,Brazil
#justiceforpeep,http://twitter.com/search?q=%23justiceforpeep,%23justiceforpeep,10808.0,2021-05-24 16:10:20.845908,Brazil
#Eternals,http://twitter.com/search?q=%23Eternals,%23Eternals,160807.0,2021-05-24 16:10:20.845908,Canada
#Habs2021,http://twitter.com/search?q=%23Habs2021,%23Habs2021,,2021-05-24 16:10:20.845908,Canada
#TheView,http://twitter.com/search?q=%23TheView,%23TheView,,2021-05-24 16:10:20.845908,Canada
#PanVisibilityDay,http://twitter.com/search?q=%23PanVisibilityDay,%23PanVisibilityDay,14413.0,2021-05-24 16:10:20.845908,Canada
#mondaythoughts,http://twitter.com/search?q=%23mondaythoughts,%23mondaythoughts,32327.0,2021-05-24 16:10:20.845908,Canada
#Eternals,http://twitter.com/search?q=%23Eternals,%23Eternals,160462.0,2021-05-24 16:10:20.845908,France
#LaCasaDePapel,http://twitter.com/search?q=%23LaCasaDePapel,%23LaCasaDePapel,,2021-05-24 16:10:20.845908,France
#FreebetWinamax,http://twitter.com/search?q=%23FreebetWinamax,%23FreebetWinamax,,2021-05-24 16:10:20.845908,France
#StaySelcaDay,http://twitter.com/search?q=%23StaySelcaDay,%23StaySelcaDay,115620.0,2021-05-24 16:10:20.845908,France
#macflyetcarlito,http://twitter.com/search?q=%23macflyetcarlito,%23macflyetcarlito,10043.0,2021-05-24 16:10:20.845908,France
#Valls,http://twitter.com/search?q=%23Valls,%23Valls,,2021-05-24 16:10:20.845908,France
#PanVisibilityDay,http://twitter.com/search?q=%23PanVisibilityDay,%23PanVisibilityDay,14413.0,2021-05-24 16:10:20.845908,France
#sarahfraisou,http://twitter.com/search?q=%23sarahfraisou,%23sarahfraisou,,2021-05-24 16:10:20.845908,France
#Biomutant,http://twitter.com/search?q=%23Biomutant,%23Biomutant,,2021-05-24 16:10:20.845908,France
#mercantourclassic,http://twitter.com/search?q=%23mercantourclassic,%23mercantourclassic,,2021-05-24 16:10:20.845908,France
#Darmanin,http://twitter.com/search?q=%23Darmanin,%23Darmanin,,2021-05-24 16:10:20.845908,France
#LesRP,http://twitter.com/search?q=%23LesRP,%23LesRP,,2021-05-24 16:10:20.845908,France
#LOSCCHAMPION,http://twitter.com/search?q=%23LOSCCHAMPION,%23LOSCCHAMPION,,2021-05-24 16:10:20.845908,France
#DONT_FIGHT_THE_FEELING,http://twitter.com/search?q=%23DONT_FIGHT_THE_FEELING,%23DONT_FIGHT_THE_FEELING,2107538.0,2021-05-24 16:10:20.845908,France
#VenteOM,http://twitter.com/search?q=%23VenteOM,%23VenteOM,,2021-05-24 16:10:20.845908,France
#VerbotsparteiCDU,http://twitter.com/search?q=%23VerbotsparteiCDU,%23VerbotsparteiCDU,,2021-05-24 16:10:20.845908,Germany
#b2405,http://twitter.com/search?q=%23b2405,%23b2405,,2021-05-24 16:10:20.845908,Germany
#Wuhan,http://twitter.com/search?q=%23Wuhan,%23Wuhan,13697.0,2021-05-24 16:10:20.845908,Germany
#Eternals,http://twitter.com/search?q=%23Eternals,%23Eternals,160807.0,2021-05-24 16:10:20.845908,Germany
#A100stoppen,http://twitter.com/search?q=%23A100stoppen,%23A100stoppen,,2021-05-24 16:10:20.845908,Germany
#HappyBrothersDayVIJAY,http://twitter.com/search?q=%23HappyBrothersDayVIJAY,%23HappyBrothersDayVIJAY,144841.0,2021-05-24 16:10:20.845908,India
#MoneyHeist,http://twitter.com/search?q=%23MoneyHeist,%23MoneyHeist,,2021-05-24 16:10:20.845908,India
#Eternals,http://twitter.com/search?q=%23Eternals,%23Eternals,160807.0,2021-05-24 16:10:20.845908,India
#SaveLakshadweep,http://twitter.com/search?q=%23SaveLakshadweep,%23SaveLakshadweep,184589.0,2021-05-24 16:10:20.845908,India
#India_With_Ramdev,http://twitter.com/search?q=%23India_With_Ramdev,%23India_With_Ramdev,47511.0,2021-05-24 16:10:20.845908,India
#SelflessServiceByDSS,http://twitter.com/search?q=%23SelflessServiceByDSS,%23SelflessServiceByDSS,10139.0,2021-05-24 16:10:20.845908,India
#Always_shining_SHINee,http://twitter.com/search?q=%23Always_shining_SHINee,%23Always_shining_SHINee,112756.0,2021-05-24 16:10:20.845908,India
#LaCasaDePapel,http://twitter.com/search?q=%23LaCasaDePapel,%23LaCasaDePapel,,2021-05-24 16:10:20.845908,India
#KAI_OnRadar,http://twitter.com/search?q=%23KAI_OnRadar,%23KAI_OnRadar,621334.0,2021-05-24 16:10:20.845908,India
#YellowFungus,http://twitter.com/search?q=%23YellowFungus,%23YellowFungus,39208.0,2021-05-24 16:10:20.845908,India
#psbbschool,http://twitter.com/search?q=%23psbbschool,%23psbbschool,,2021-05-24 16:10:20.845908,India
#Anjana_must_value_Pharmacists,http://twitter.com/search?q=%23Anjana_must_value_Pharmacists,%23Anjana_must_value_Pharmacists,51594.0,2021-05-24 16:10:20.845908,India
#HappyBirthdayKarthi,http://twitter.com/search?q=%23HappyBirthdayKarthi,%23HappyBirthdayKarthi,11702.0,2021-05-24 16:10:20.845908,India
#AsimWithFaridoon,http://twitter.com/search?q=%23AsimWithFaridoon,%23AsimWithFaridoon,,2021-05-24 16:10:20.845908,India
#BAEKHYUN_OnRadar,http://twitter.com/search?q=%23BAEKHYUN_OnRadar,%23BAEKHYUN_OnRadar,580502.0,2021-05-24 16:10:20.845908,India
#aajtak,http://twitter.com/search?q=%23aajtak,%23aajtak,,2021-05-24 16:10:20.845908,India
#FREEZE_Tracklist,http://twitter.com/search?q=%23FREEZE_Tracklist,%23FREEZE_Tracklist,131698.0,2021-05-24 16:10:20.845908,India
#फार्मासिस्ट_नही_हैं_झोलाछाप,http://twitter.com/search?q=%23%E0%A4%AB%E0%A4%BE%E0%A4%B0%E0%A5%8D%E0%A4%AE%E0%A4%BE%E0%A4%B8%E0%A4%BF%E0%A4%B8%E0%A5%8D%E0%A4%9F_%E0%A4%A8%E0%A4%B9%E0%A5%80_%E0%A4%B9%E0%A5%88%E0%A4%82_%E0%A4%9D%E0%A5%8B%E0%A4%B2%E0%A4%BE%E0%A4%9B%E0%A4%BE%E0%A4%AA,%23%E0%A4%AB%E0%A4%BE%E0%A4%B0%E0%A5%8D%E0%A4%AE%E0%A4%BE%E0%A4%B8%E0%A4%BF%E0%A4%B8%E0%A5%8D%E0%A4%9F_%E0%A4%A8%E0%A4%B9%E0%A5%80_%E0%A4%B9%E0%A5%88%E0%A4%82_%E0%A4%9D%E0%A5%8B%E0%A4%B2%E0%A4%BE%E0%A4%9B%E0%A4%BE%E0%A4%AA,52435.0,2021-05-24 16:10:20.845908,India
#ThirdWave,http://twitter.com/search?q=%23ThirdWave,%23ThirdWave,,2021-05-24 16:10:20.845908,India
#uominiedonne,http://twitter.com/search?q=%23uominiedonne,%23uominiedonne,,2021-05-24 16:10:20.845908,Italy
#Gasparri,http://twitter.com/search?q=%23Gasparri,%23Gasparri,,2021-05-24 16:10:20.845908,Italy
#Eternals,http://twitter.com/search?q=%23Eternals,%23Eternals,160462.0,2021-05-24 16:10:20.845908,Italy
#LaCasaDePapel,http://twitter.com/search?q=%23LaCasaDePapel,%23LaCasaDePapel,,2021-05-24 16:10:20.845908,Italy
#LCDP5,http://twitter.com/search?q=%23LCDP5,%23LCDP5,20089.0,2021-05-24 16:10:20.845908,Italy
#LasVegasOro,http://twitter.com/search?q=%23LasVegasOro,%23LasVegasOro,,2021-05-24 16:10:20.845908,Italy
#Wuhan,http://twitter.com/search?q=%23Wuhan,%23Wuhan,13675.0,2021-05-24 16:10:20.845908,Italy
#Pomeriggio5,http://twitter.com/search?q=%23Pomeriggio5,%23Pomeriggio5,,2021-05-24 16:10:20.845908,Italy
#24maggio,http://twitter.com/search?q=%2324maggio,%2324maggio,,2021-05-24 16:10:20.845908,Italy
#LaCasaDiCarta,http://twitter.com/search?q=%23LaCasaDiCarta,%23LaCasaDiCarta,,2021-05-24 16:10:20.845908,Italy
#Eurovision2022,http://twitter.com/search?q=%23Eurovision2022,%23Eurovision2022,,2021-05-24 16:10:20.845908,Italy
#Conceicao,http://twitter.com/search?q=%23Conceicao,%23Conceicao,,2021-05-24 16:10:20.845908,Italy
#Giro104,http://twitter.com/search?q=%23Giro104,%23Giro104,,2021-05-24 16:10:20.845908,Italy
#funiviastresamottarone,http://twitter.com/search?q=%23funiviastresamottarone,%23funiviastresamottarone,,2021-05-24 16:10:20.845908,Italy
#Bernal,http://twitter.com/search?q=%23Bernal,%23Bernal,,2021-05-24 16:10:20.845908,Italy
#BobDylan,http://twitter.com/search?q=%23BobDylan,%23BobDylan,12402.0,2021-05-24 16:10:20.845908,Italy
#Ryanair,http://twitter.com/search?q=%23Ryanair,%23Ryanair,34597.0,2021-05-24 16:10:20.845908,Italy
#eurosportciclismo,http://twitter.com/search?q=%23eurosportciclismo,%23eurosportciclismo,,2021-05-24 16:10:20.845908,Italy
#Viaggiando,http://twitter.com/search?q=%23Viaggiando,%23Viaggiando,,2021-05-24 16:10:20.845908,Italy
#TraISimboli,http://twitter.com/search?q=%23TraISimboli,%23TraISimboli,,2021-05-24 16:10:20.845908,Italy
#StaySelcaDay,http://twitter.com/search?q=%23StaySelcaDay,%23StaySelcaDay,115620.0,2021-05-24 16:10:20.845908,Ukraine
#DONT_FIGHT_THE_FEELING,http://twitter.com/search?q=%23DONT_FIGHT_THE_FEELING,%23DONT_FIGHT_THE_FEELING,2147284.0,2021-05-24 16:10:20.845908,Ukraine
#StrayKids,http://twitter.com/search?q=%23StrayKids,%23StrayKids,302814.0,2021-05-24 16:10:20.845908,Ukraine
#Belarus,http://twitter.com/search?q=%23Belarus,%23Belarus,51102.0,2021-05-24 16:10:20.845908,Ukraine
#cryptocurrency,http://twitter.com/search?q=%23cryptocurrency,%23cryptocurrency,82210.0,2021-05-24 16:10:20.845908,Ukraine
#blockchain,http://twitter.com/search?q=%23blockchain,%23blockchain,33950.0,2021-05-24 16:10:20.845908,Ukraine
#maneskin,http://twitter.com/search?q=%23maneskin,%23maneskin,29294.0,2021-05-24 16:10:20.845908,Ukraine
#Protasevich,http://twitter.com/search?q=%23Protasevich,%23Protasevich,,2021-05-24 16:10:20.845908,Ukraine
#Bitcoin,http://twitter.com/search?q=%23Bitcoin,%23Bitcoin,225026.0,2021-05-24 16:10:20.845908,Ukraine
#FelizLunes,http://twitter.com/search?q=%23FelizLunes,%23FelizLunes,21123.0,2021-05-24 16:10:20.845908,Mexico
#Eternals,http://twitter.com/search?q=%23Eternals,%23Eternals,160807.0,2021-05-24 16:10:20.845908,Mexico
#PoderosoTravieso,http://twitter.com/search?q=%23PoderosoTravieso,%23PoderosoTravieso,,2021-05-24 16:10:20.845908,Mexico
#FREEZE_Tracklist,http://twitter.com/search?q=%23FREEZE_Tracklist,%23FREEZE_Tracklist,131698.0,2021-05-24 16:10:20.845908,Mexico
#FelizInicioDeSemana,http://twitter.com/search?q=%23FelizInicioDeSemana,%23FelizInicioDeSemana,,2021-05-24 16:10:20.845908,Mexico
#KAI_OnRadar,http://twitter.com/search?q=%23KAI_OnRadar,%23KAI_OnRadar,618547.0,2021-05-24 16:10:20.845908,Mexico
#Always_shining_SHINee,http://twitter.com/search?q=%23Always_shining_SHINee,%23Always_shining_SHINee,112756.0,2021-05-24 16:10:20.845908,Mexico
#LaCasaDePapel,http://twitter.com/search?q=%23LaCasaDePapel,%23LaCasaDePapel,,2021-05-24 16:10:20.845908,Mexico
#BAEKHYUN_OnRadar,http://twitter.com/search?q=%23BAEKHYUN_OnRadar,%23BAEKHYUN_OnRadar,583095.0,2021-05-24 16:10:20.845908,Mexico
#BuenLunes,http://twitter.com/search?q=%23BuenLunes,%23BuenLunes,,2021-05-24 16:10:20.845908,Mexico
#LCDP5,http://twitter.com/search?q=%23LCDP5,%23LCDP5,20159.0,2021-05-24 16:10:20.845908,Mexico
#KornoTormentoso,http://twitter.com/search?q=%23KornoTormentoso,%23KornoTormentoso,,2021-05-24 16:10:20.845908,Mexico
#VALORANTMasters,http://twitter.com/search?q=%23VALORANTMasters,%23VALORANTMasters,,2021-05-24 16:10:20.845908,Mexico
#EURO2020,http://twitter.com/search?q=%23EURO2020,%23EURO2020,18359.0,2021-05-24 16:10:20.845908,Mexico
#MiReinoPor,http://twitter.com/search?q=%23MiReinoPor,%23MiReinoPor,,2021-05-24 16:10:20.845908,Mexico
#DONT_FIGHT_THE_FEELING,http://twitter.com/search?q=%23DONT_FIGHT_THE_FEELING,%23DONT_FIGHT_THE_FEELING,2107538.0,2021-05-24 16:10:20.845908,Mexico
#EXO_SignalReceived,http://twitter.com/search?q=%23EXO_SignalReceived,%23EXO_SignalReceived,427116.0,2021-05-24 16:10:20.845908,Mexico
#Eternals,http://twitter.com/search?q=%23Eternals,%23Eternals,160807.0,2021-05-24 16:10:20.845908,United States
#PanVisibilityDay,http://twitter.com/search?q=%23PanVisibilityDay,%23PanVisibilityDay,14413.0,2021-05-24 16:10:20.845908,United States
#TheView,http://twitter.com/search?q=%23TheView,%23TheView,,2021-05-24 16:10:20.845908,United States
#MondayMotivation,http://twitter.com/search?q=%23MondayMotivation,%23MondayMotivation,125679.0,2021-05-24 16:10:20.845908,United States
#mondaythoughts,http://twitter.com/search?q=%23mondaythoughts,%23mondaythoughts,32327.0,2021-05-24 16:10:20.845908,United States
#COVID19Vic,http://twitter.com/search?q=%23COVID19Vic,%23COVID19Vic,,2021-05-25 01:20:59.886693,Australia
#estimates,http://twitter.com/search?q=%23estimates,%23estimates,,2021-05-25 01:20:59.886693,Australia
#SpringSt,http://twitter.com/search?q=%23SpringSt,%23SpringSt,,2021-05-25 01:20:59.886693,Australia
#ScoMosDossier,http://twitter.com/search?q=%23ScoMosDossier,%23ScoMosDossier,,2021-05-25 01:20:59.886693,Australia
#auspol,http://twitter.com/search?q=%23auspol,%23auspol,42768.0,2021-05-25 01:20:59.886693,Australia
#forafelipemelo,http://twitter.com/search?q=%23forafelipemelo,%23forafelipemelo,10212.0,2021-05-25 01:20:59.886693,Brazil
#PazuelloGovernadorRJ,http://twitter.com/search?q=%23PazuelloGovernadorRJ,%23PazuelloGovernadorRJ,,2021-05-25 01:20:59.886693,Brazil
#AnjosEmSodoma,http://twitter.com/search?q=%23AnjosEmSodoma,%23AnjosEmSodoma,,2021-05-25 01:20:59.886693,Brazil
#NBBnaESPN,http://twitter.com/search?q=%23NBBnaESPN,%23NBBnaESPN,,2021-05-25 01:20:59.886693,Brazil
#nbanosportv,http://twitter.com/search?q=%23nbanosportv,%23nbanosportv,,2021-05-25 01:20:59.886693,Brazil
#GoHabsGo,http://twitter.com/search?q=%23GoHabsGo,%23GoHabsGo,,2021-05-25 01:20:59.886693,Canada
#TORvsMTL,http://twitter.com/search?q=%23TORvsMTL,%23TORvsMTL,,2021-05-25 01:20:59.886693,Canada
#WWERaw,http://twitter.com/search?q=%23WWERaw,%23WWERaw,17881.0,2021-05-25 01:20:59.886693,Canada
#911onFOX,http://twitter.com/search?q=%23911onFOX,%23911onFOX,20997.0,2021-05-25 01:20:59.886693,Canada
#leafsnation,http://twitter.com/search?q=%23leafsnation,%23leafsnation,,2021-05-25 01:20:59.886693,Canada
#patronincognito,http://twitter.com/search?q=%23patronincognito,%23patronincognito,,2021-05-25 01:20:59.886693,France
#titanic,http://twitter.com/search?q=%23titanic,%23titanic,,2021-05-25 01:20:59.886693,France
#PlanB,http://twitter.com/search?q=%23PlanB,%23PlanB,,2021-05-25 01:20:59.886693,France
#911onFOX,http://twitter.com/search?q=%23911onFOX,%23911onFOX,21024.0,2021-05-25 01:20:59.886693,France
#LDBS,http://twitter.com/search?q=%23LDBS,%23LDBS,,2021-05-25 01:20:59.886693,France
#DHDL,http://twitter.com/search?q=%23DHDL,%23DHDL,,2021-05-25 01:20:59.886693,Germany
#911onFOX,http://twitter.com/search?q=%23911onFOX,%23911onFOX,20939.0,2021-05-25 01:20:59.886693,Germany
#Tatort,http://twitter.com/search?q=%23Tatort,%23Tatort,,2021-05-25 01:20:59.886693,Germany
#Vonovia,http://twitter.com/search?q=%23Vonovia,%23Vonovia,,2021-05-25 01:20:59.886693,Germany
#DeutscheWohnen,http://twitter.com/search?q=%23DeutscheWohnen,%23DeutscheWohnen,,2021-05-25 01:20:59.886693,Germany
#मोदी_पनौती_है,http://twitter.com/search?q=%23%E0%A4%AE%E0%A5%8B%E0%A4%A6%E0%A5%80_%E0%A4%AA%E0%A4%A8%E0%A5%8C%E0%A4%A4%E0%A5%80_%E0%A4%B9%E0%A5%88,%23%E0%A4%AE%E0%A5%8B%E0%A4%A6%E0%A5%80_%E0%A4%AA%E0%A4%A8%E0%A5%8C%E0%A4%A4%E0%A5%80_%E0%A4%B9%E0%A5%88,,2021-05-25 01:20:59.886693,India
#GodMorningTuesday,http://twitter.com/search?q=%23GodMorningTuesday,%23GodMorningTuesday,,2021-05-25 01:20:59.886693,India
#tuesdaymotivations,http://twitter.com/search?q=%23tuesdaymotivations,%23tuesdaymotivations,,2021-05-25 01:20:59.886693,India
#tuesdayvibe,http://twitter.com/search?q=%23tuesdayvibe,%23tuesdayvibe,,2021-05-25 01:20:59.886693,India
#मोदी_कायर_है,http://twitter.com/search?q=%23%E0%A4%AE%E0%A5%8B%E0%A4%A6%E0%A5%80_%E0%A4%95%E0%A4%BE%E0%A4%AF%E0%A4%B0_%E0%A4%B9%E0%A5%88,%23%E0%A4%AE%E0%A5%8B%E0%A4%A6%E0%A5%80_%E0%A4%95%E0%A4%BE%E0%A4%AF%E0%A4%B0_%E0%A4%B9%E0%A5%88,89180.0,2021-05-25 01:20:59.886693,India
#isola,http://twitter.com/search?q=%23isola,%23isola,41501.0,2021-05-25 01:20:59.886693,Italy
#partitadelcuore,http://twitter.com/search?q=%23partitadelcuore,%23partitadelcuore,,2021-05-25 01:20:59.886693,Italy
#tommasozorzi,http://twitter.com/search?q=%23tommasozorzi,%23tommasozorzi,61086.0,2021-05-25 01:20:59.886693,Italy
#FOTIKITAKA,http://twitter.com/search?q=%23FOTIKITAKA,%23FOTIKITAKA,10746.0,2021-05-25 01:20:59.886693,Italy
#nazionalecantanti,http://twitter.com/search?q=%23nazionalecantanti,%23nazionalecantanti,,2021-05-25 01:20:59.886693,Italy
#Maignan,http://twitter.com/search?q=%23Maignan,%23Maignan,,2021-05-25 01:20:59.886693,Italy
#IlTraditore,http://twitter.com/search?q=%23IlTraditore,%23IlTraditore,,2021-05-25 01:20:59.886693,Italy
#gregorandoxdoccia,http://twitter.com/search?q=%23gregorandoxdoccia,%23gregorandoxdoccia,,2021-05-25 01:20:59.886693,Italy
#911onFOX,http://twitter.com/search?q=%23911onFOX,%23911onFOX,20997.0,2021-05-25 01:20:59.886693,Italy
#BuonCompleannoEmma,http://twitter.com/search?q=%23BuonCompleannoEmma,%23BuonCompleannoEmma,,2021-05-25 01:20:59.886693,Italy
#Reportrai3,http://twitter.com/search?q=%23Reportrai3,%23Reportrai3,,2021-05-25 01:20:59.886693,Italy
#faribona,http://twitter.com/search?q=%23faribona,%23faribona,,2021-05-25 01:20:59.886693,Italy
#bestofme,http://twitter.com/search?q=%23bestofme,%23bestofme,,2021-05-25 01:20:59.886693,Italy
#chiNonTrova,http://twitter.com/search?q=%23chiNonTrova,%23chiNonTrova,,2021-05-25 01:20:59.886693,Italy
#Eurovision2022,http://twitter.com/search?q=%23Eurovision2022,%23Eurovision2022,11788.0,2021-05-25 01:20:59.886693,Italy
#cinegasparri,http://twitter.com/search?q=%23cinegasparri,%23cinegasparri,,2021-05-25 01:20:59.886693,Italy
#cumtributeِ,http://twitter.com/search?q=%23cumtribute%D9%90,%23cumtribute%D9%90,,2021-05-25 01:20:59.886693,Ukraine
#StaySelcaDay,http://twitter.com/search?q=%23StaySelcaDay,%23StaySelcaDay,210658.0,2021-05-25 01:20:59.886693,Ukraine
#hornyِ,http://twitter.com/search?q=%23horny%D9%90,%23horny%D9%90,27501.0,2021-05-25 01:20:59.886693,Ukraine
#nsfwِ,http://twitter.com/search?q=%23nsfw%D9%90,%23nsfw%D9%90,55945.0,2021-05-25 01:20:59.886693,Ukraine
#COVID19,http://twitter.com/search?q=%23COVID19,%23COVID19,347028.0,2021-05-25 01:20:59.886693,Ukraine
#VivaHotSale,http://twitter.com/search?q=%23VivaHotSale,%23VivaHotSale,,2021-05-25 01:20:59.886693,Mexico
#NoEresPandiluxSi,http://twitter.com/search?q=%23NoEresPandiluxSi,%23NoEresPandiluxSi,,2021-05-25 01:20:59.886693,Mexico
#VoyConCosasBuenas,http://twitter.com/search?q=%23VoyConCosasBuenas,%23VoyConCosasBuenas,,2021-05-25 01:20:59.886693,Mexico
#LopezObradorEresLaBestia,http://twitter.com/search?q=%23LopezObradorEresLaBestia,%23LopezObradorEresLaBestia,11320.0,2021-05-25 01:20:59.886693,Mexico
#ConvoySensible,http://twitter.com/search?q=%23ConvoySensible,%23ConvoySensible,,2021-05-25 01:20:59.886693,Mexico
#WWERaw,http://twitter.com/search?q=%23WWERaw,%23WWERaw,17881.0,2021-05-25 01:20:59.886693,United States
#911onFOX,http://twitter.com/search?q=%23911onFOX,%23911onFOX,20997.0,2021-05-25 01:20:59.886693,United States
#BlackLightning,http://twitter.com/search?q=%23BlackLightning,%23BlackLightning,,2021-05-25 01:20:59.886693,United States
#eloninthechat,http://twitter.com/search?q=%23eloninthechat,%23eloninthechat,,2021-05-25 01:20:59.886693,United States
#TheVoice,http://twitter.com/search?q=%23TheVoice,%23TheVoice,,2021-05-25 01:20:59.886693,United States
#SorryDay,http://twitter.com/search?q=%23SorryDay,%23SorryDay,,2021-05-26 01:39:52.580174,Australia
#COVID19Vic,http://twitter.com/search?q=%23COVID19Vic,%23COVID19Vic,,2021-05-26 01:39:52.580174,Australia
#mieeforum,http://twitter.com/search?q=%23mieeforum,%23mieeforum,,2021-05-26 01:39:52.580174,Australia
#lockdown,http://twitter.com/search?q=%23lockdown,%23lockdown,14273.0,2021-05-26 01:39:52.580174,Australia
#MIEExpert,http://twitter.com/search?q=%23MIEExpert,%23MIEExpert,,2021-05-26 01:39:52.580174,Australia
#LibertadoresNoSBT,http://twitter.com/search?q=%23LibertadoresNoSBT,%23LibertadoresNoSBT,,2021-05-26 01:39:52.580174,Brazil
#LibertadoresFOXSports,http://twitter.com/search?q=%23LibertadoresFOXSports,%23LibertadoresFOXSports,,2021-05-26 01:39:52.580174,Brazil
#AmazonTricolor,http://twitter.com/search?q=%23AmazonTricolor,%23AmazonTricolor,38529.0,2021-05-26 01:39:52.580174,Brazil
#ADestruiçãoDeSodoma,http://twitter.com/search?q=%23ADestrui%C3%A7%C3%A3oDeSodoma,%23ADestrui%C3%A7%C3%A3oDeSodoma,14360.0,2021-05-26 01:39:52.580174,Brazil
#TricolorNaConmebolTV,http://twitter.com/search?q=%23TricolorNaConmebolTV,%23TricolorNaConmebolTV,,2021-05-26 01:39:52.580174,Brazil
#Habs,http://twitter.com/search?q=%23Habs,%23Habs,,2021-05-26 01:39:52.580174,Canada
#TORvsMTL,http://twitter.com/search?q=%23TORvsMTL,%23TORvsMTL,,2021-05-26 01:39:52.580174,Canada
#WWENXT,http://twitter.com/search?q=%23WWENXT,%23WWENXT,18676.0,2021-05-26 01:39:52.580174,Canada
#bootwtselfieday,http://twitter.com/search?q=%23bootwtselfieday,%23bootwtselfieday,10142.0,2021-05-26 01:39:52.580174,Canada
#pdsbmtg,http://twitter.com/search?q=%23pdsbmtg,%23pdsbmtg,,2021-05-26 01:39:52.580174,Canada
#rdveti,http://twitter.com/search?q=%23rdveti,%23rdveti,,2021-05-26 01:39:52.580174,France
#rendezvousenterreinconnue,http://twitter.com/search?q=%23rendezvousenterreinconnue,%23rendezvousenterreinconnue,,2021-05-26 01:39:52.580174,France
#AJamaisLesPremiers,http://twitter.com/search?q=%23AJamaisLesPremiers,%23AJamaisLesPremiers,,2021-05-26 01:39:52.580174,France
#NBAextra,http://twitter.com/search?q=%23NBAextra,%23NBAextra,,2021-05-26 01:39:52.580174,France
#STREAMINGBUTTER,http://twitter.com/search?q=%23STREAMINGBUTTER,%23STREAMINGBUTTER,1155768.0,2021-05-26 01:39:52.580174,France
#Lanz,http://twitter.com/search?q=%23Lanz,%23Lanz,,2021-05-26 01:39:52.580174,Germany
#STREAMINGBUTTER,http://twitter.com/search?q=%23STREAMINGBUTTER,%23STREAMINGBUTTER,1155442.0,2021-05-26 01:39:52.580174,Germany
#besteshow,http://twitter.com/search?q=%23besteshow,%23besteshow,,2021-05-26 01:39:52.580174,Germany
#LateNightBerlin,http://twitter.com/search?q=%23LateNightBerlin,%23LateNightBerlin,,2021-05-26 01:39:52.580174,Germany
#AskMarvel,http://twitter.com/search?q=%23AskMarvel,%23AskMarvel,,2021-05-26 01:39:52.580174,Germany
#Black_Day_Of_Farmers,http://twitter.com/search?q=%23Black_Day_Of_Farmers,%23Black_Day_Of_Farmers,,2021-05-26 01:39:52.580174,India
#NationalBlackDay,http://twitter.com/search?q=%23NationalBlackDay,%23NationalBlackDay,,2021-05-26 01:39:52.580174,India
#GodMorningWednesday,http://twitter.com/search?q=%23GodMorningWednesday,%23GodMorningWednesday,,2021-05-26 01:39:52.580174,India
#FeedAndSaveBirds,http://twitter.com/search?q=%23FeedAndSaveBirds,%23FeedAndSaveBirds,,2021-05-26 01:39:52.580174,India
#wednesdaythought,http://twitter.com/search?q=%23wednesdaythought,%23wednesdaythought,,2021-05-26 01:39:52.580174,India
#BuddhaPurnima,http://twitter.com/search?q=%23BuddhaPurnima,%23BuddhaPurnima,,2021-05-26 01:39:52.580174,India
#FreeJaggiNow,http://twitter.com/search?q=%23FreeJaggiNow,%23FreeJaggiNow,15468.0,2021-05-26 01:39:52.580174,India
#6MonthsOfFarmersProtest,http://twitter.com/search?q=%236MonthsOfFarmersProtest,%236MonthsOfFarmersProtest,,2021-05-26 01:39:52.580174,India
#TwitterBanInIndia,http://twitter.com/search?q=%23TwitterBanInIndia,%23TwitterBanInIndia,13975.0,2021-05-26 01:39:52.580174,India
#STREAMINGBUTTER,http://twitter.com/search?q=%23STREAMINGBUTTER,%23STREAMINGBUTTER,1155718.0,2021-05-26 01:39:52.580174,India
#Wednesdayvibe,http://twitter.com/search?q=%23Wednesdayvibe,%23Wednesdayvibe,,2021-05-26 01:39:52.580174,India
#WednesdayMotivation,http://twitter.com/search?q=%23WednesdayMotivation,%23WednesdayMotivation,,2021-05-26 01:39:52.580174,India
#ObbligoVaccinale,http://twitter.com/search?q=%23ObbligoVaccinale,%23ObbligoVaccinale,,2021-05-26 01:39:52.580174,Italy
#cartabianca,http://twitter.com/search?q=%23cartabianca,%23cartabianca,,2021-05-26 01:39:52.580174,Italy
#nuovocinemaparadiso,http://twitter.com/search?q=%23nuovocinemaparadiso,%23nuovocinemaparadiso,,2021-05-26 01:39:52.580174,Italy
#partitadelcuore,http://twitter.com/search?q=%23partitadelcuore,%23partitadelcuore,26237.0,2021-05-26 01:39:52.580174,Italy
#soulsister,http://twitter.com/search?q=%23soulsister,%23soulsister,,2021-05-26 01:39:52.580174,Italy
#STREAMINGBUTTER,http://twitter.com/search?q=%23STREAMINGBUTTER,%23STREAMINGBUTTER,1155768.0,2021-05-26 01:39:52.580174,Ukraine
#nsfwِ,http://twitter.com/search?q=%23nsfw%D9%90,%23nsfw%D9%90,56787.0,2021-05-26 01:39:52.580174,Ukraine
#MorenaNosDejóMorir,http://twitter.com/search?q=%23MorenaNosDej%C3%B3Morir,%23MorenaNosDej%C3%B3Morir,16259.0,2021-05-26 01:39:52.580174,Mexico
#NoVotesPorMorena,http://twitter.com/search?q=%23NoVotesPorMorena,%23NoVotesPorMorena,12546.0,2021-05-26 01:39:52.580174,Mexico
#IntegracionLouiesMexas,http://twitter.com/search?q=%23IntegracionLouiesMexas,%23IntegracionLouiesMexas,,2021-05-26 01:39:52.580174,Mexico
#FinalesEnPlaydoit,http://twitter.com/search?q=%23FinalesEnPlaydoit,%23FinalesEnPlaydoit,,2021-05-26 01:39:52.580174,Mexico
#정호석금발,http://twitter.com/search?q=%23%EC%A0%95%ED%98%B8%EC%84%9D%EA%B8%88%EB%B0%9C,%23%EC%A0%95%ED%98%B8%EC%84%9D%EA%B8%88%EB%B0%9C,,2021-05-26 01:39:52.580174,Mexico
#RHONY,http://twitter.com/search?q=%23RHONY,%23RHONY,,2021-05-26 01:39:52.580174,United States
#WWENXT,http://twitter.com/search?q=%23WWENXT,%23WWENXT,19027.0,2021-05-26 01:39:52.580174,United States
#bootwtselfieday,http://twitter.com/search?q=%23bootwtselfieday,%23bootwtselfieday,10155.0,2021-05-26 01:39:52.580174,United States
#bootwtprom,http://twitter.com/search?q=%23bootwtprom,%23bootwtprom,,2021-05-26 01:39:52.580174,United States
#NCIS,http://twitter.com/search?q=%23NCIS,%23NCIS,,2021-05-26 01:39:52.580174,United States
#melbournelockdown,http://twitter.com/search?q=%23melbournelockdown,%23melbournelockdown,,2021-05-27 01:52:43.859227,Australia
#CovidVic,http://twitter.com/search?q=%23CovidVic,%23CovidVic,,2021-05-27 01:52:43.859227,Australia
#MorrisonOutbreak,http://twitter.com/search?q=%23MorrisonOutbreak,%23MorrisonOutbreak,,2021-05-27 01:52:43.859227,Australia
#NRW2021,http://twitter.com/search?q=%23NRW2021,%23NRW2021,,2021-05-27 01:52:43.859227,Australia
#ScottyDoesNothing,http://twitter.com/search?q=%23ScottyDoesNothing,%23ScottyDoesNothing,,2021-05-27 01:52:43.859227,Australia
#MoreThanAWord,http://twitter.com/search?q=%23MoreThanAWord,%23MoreThanAWord,,2021-05-27 01:52:43.859227,Australia
#RWHS21,http://twitter.com/search?q=%23RWHS21,%23RWHS21,,2021-05-27 01:52:43.859227,Australia
#springst,http://twitter.com/search?q=%23springst,%23springst,,2021-05-27 01:52:43.859227,Australia
#VaccineStrollout,http://twitter.com/search?q=%23VaccineStrollout,%23VaccineStrollout,,2021-05-27 01:52:43.859227,Australia
#vicpol,http://twitter.com/search?q=%23vicpol,%23vicpol,,2021-05-27 01:52:43.859227,Australia
#ThisisNotJournalism,http://twitter.com/search?q=%23ThisisNotJournalism,%23ThisisNotJournalism,,2021-05-27 01:52:43.859227,Australia
#UELfinal,http://twitter.com/search?q=%23UELfinal,%23UELfinal,406935.0,2021-05-27 01:52:43.859227,Australia
#IStandWithDan,http://twitter.com/search?q=%23IStandWithDan,%23IStandWithDan,,2021-05-27 01:52:43.859227,Australia
#EuropaLeagueFinal,http://twitter.com/search?q=%23EuropaLeagueFinal,%23EuropaLeagueFinal,90365.0,2021-05-27 01:52:43.859227,Australia
#GetVaccinated,http://twitter.com/search?q=%23GetVaccinated,%23GetVaccinated,,2021-05-27 01:52:43.859227,Australia
#BTSMeal,http://twitter.com/search?q=%23BTSMeal,%23BTSMeal,782672.0,2021-05-27 01:52:43.859227,Australia
#MUFC,http://twitter.com/search?q=%23MUFC,%23MUFC,196770.0,2021-05-27 01:52:43.859227,Australia
#PeloCorinthians,http://twitter.com/search?q=%23PeloCorinthians,%23PeloCorinthians,72473.0,2021-05-27 01:52:43.859227,Brazil
#SaiaJustaNoGNT,http://twitter.com/search?q=%23SaiaJustaNoGNT,%23SaiaJustaNoGNT,,2021-05-27 01:52:43.859227,Brazil
#cantoriacarthur,http://twitter.com/search?q=%23cantoriacarthur,%23cantoriacarthur,,2021-05-27 01:52:43.859227,Brazil
#imperio,http://twitter.com/search?q=%23imperio,%23imperio,,2021-05-27 01:52:43.859227,Brazil
#timaonaconmeboltv,http://twitter.com/search?q=%23timaonaconmeboltv,%23timaonaconmeboltv,,2021-05-27 01:52:43.859227,Brazil
#Isles,http://twitter.com/search?q=%23Isles,%23Isles,13283.0,2021-05-27 01:52:43.859227,Canada
#TheMaskedSinger,http://twitter.com/search?q=%23TheMaskedSinger,%23TheMaskedSinger,12089.0,2021-05-27 01:52:43.859227,Canada
#ChicagoFire,http://twitter.com/search?q=%23ChicagoFire,%23ChicagoFire,,2021-05-27 01:52:43.859227,Canada
#PITvsNYI,http://twitter.com/search?q=%23PITvsNYI,%23PITvsNYI,,2021-05-27 01:52:43.859227,Canada
#RHOBH,http://twitter.com/search?q=%23RHOBH,%23RHOBH,,2021-05-27 01:52:43.859227,Canada
#VILMUN,http://twitter.com/search?q=%23VILMUN,%23VILMUN,65929.0,2021-05-27 01:52:43.859227,France
#UELfinal,http://twitter.com/search?q=%23UELfinal,%23UELfinal,407001.0,2021-05-27 01:52:43.859227,France
#EuropaLeagueFinal,http://twitter.com/search?q=%23EuropaLeagueFinal,%23EuropaLeagueFinal,90360.0,2021-05-27 01:52:43.859227,France
#vaccinationobligatoire,http://twitter.com/search?q=%23vaccinationobligatoire,%23vaccinationobligatoire,,2021-05-27 01:52:43.859227,France
#manvil,http://twitter.com/search?q=%23manvil,%23manvil,,2021-05-27 01:52:43.859227,France
#LaRoomK,http://twitter.com/search?q=%23LaRoomK,%23LaRoomK,,2021-05-27 01:52:43.859227,France
#fabspace,http://twitter.com/search?q=%23fabspace,%23fabspace,,2021-05-27 01:52:43.859227,France
#PARCOURSUP,http://twitter.com/search?q=%23PARCOURSUP,%23PARCOURSUP,16836.0,2021-05-27 01:52:43.859227,France
#GrenelleDeLaHonte,http://twitter.com/search?q=%23GrenelleDeLaHonte,%23GrenelleDeLaHonte,,2021-05-27 01:52:43.859227,France
#UELfinal,http://twitter.com/search?q=%23UELfinal,%23UELfinal,407001.0,2021-05-27 01:52:43.859227,Germany
#maischberger,http://twitter.com/search?q=%23maischberger,%23maischberger,,2021-05-27 01:52:43.859227,Germany
#Lanz,http://twitter.com/search?q=%23Lanz,%23Lanz,,2021-05-27 01:52:43.859227,Germany
#EuropaLeagueFinal,http://twitter.com/search?q=%23EuropaLeagueFinal,%23EuropaLeagueFinal,90360.0,2021-05-27 01:52:43.859227,Germany
#TheRevivalWednesday,http://twitter.com/search?q=%23TheRevivalWednesday,%23TheRevivalWednesday,54185.0,2021-05-27 01:52:43.859227,Germany
#ThursdayThoughts,http://twitter.com/search?q=%23ThursdayThoughts,%23ThursdayThoughts,,2021-05-27 01:52:43.859227,India
#UELfinal,http://twitter.com/search?q=%23UELfinal,%23UELfinal,406990.0,2021-05-27 01:52:43.859227,India
#ThursdayMotivation,http://twitter.com/search?q=%23ThursdayMotivation,%23ThursdayMotivation,,2021-05-27 01:52:43.859227,India
#GodMorningThursday,http://twitter.com/search?q=%23GodMorningThursday,%23GodMorningThursday,,2021-05-27 01:52:43.859227,India
#EuropaLeagueFinal,http://twitter.com/search?q=%23EuropaLeagueFinal,%23EuropaLeagueFinal,90373.0,2021-05-27 01:52:43.859227,India
#एकजुट_किसान_मोदी_परेशान,http://twitter.com/search?q=%23%E0%A4%8F%E0%A4%95%E0%A4%9C%E0%A5%81%E0%A4%9F_%E0%A4%95%E0%A4%BF%E0%A4%B8%E0%A4%BE%E0%A4%A8_%E0%A4%AE%E0%A5%8B%E0%A4%A6%E0%A5%80_%E0%A4%AA%E0%A4%B0%E0%A5%87%E0%A4%B6%E0%A4%BE%E0%A4%A8,%23%E0%A4%8F%E0%A4%95%E0%A4%9C%E0%A5%81%E0%A4%9F_%E0%A4%95%E0%A4%BF%E0%A4%B8%E0%A4%BE%E0%A4%A8_%E0%A4%AE%E0%A5%8B%E0%A4%A6%E0%A5%80_%E0%A4%AA%E0%A4%B0%E0%A5%87%E0%A4%B6%E0%A4%BE%E0%A4%A8,,2021-05-27 01:52:43.859227,India
#MUFC,http://twitter.com/search?q=%23MUFC,%23MUFC,196780.0,2021-05-27 01:52:43.859227,India
#VILMUN,http://twitter.com/search?q=%23VILMUN,%23VILMUN,65930.0,2021-05-27 01:52:43.859227,India
#khansirpatna,http://twitter.com/search?q=%23khansirpatna,%23khansirpatna,18629.0,2021-05-27 01:52:43.859227,India
#OleOut,http://twitter.com/search?q=%23OleOut,%23OleOut,40299.0,2021-05-27 01:52:43.859227,India
#ManchesterUnited,http://twitter.com/search?q=%23ManchesterUnited,%23ManchesterUnited,13315.0,2021-05-27 01:52:43.859227,India
#WeLovePmModiJi,http://twitter.com/search?q=%23WeLovePmModiJi,%23WeLovePmModiJi,62007.0,2021-05-27 01:52:43.859227,India
#MANVIL,http://twitter.com/search?q=%23MANVIL,%23MANVIL,,2021-05-27 01:52:43.859227,India
#GGMU,http://twitter.com/search?q=%23GGMU,%23GGMU,15593.0,2021-05-27 01:52:43.859227,India
#OleIn,http://twitter.com/search?q=%23OleIn,%23OleIn,,2021-05-27 01:52:43.859227,India
#EuropaFinal,http://twitter.com/search?q=%23EuropaFinal,%23EuropaFinal,11145.0,2021-05-27 01:52:43.859227,India
#EkMiniKatha,http://twitter.com/search?q=%23EkMiniKatha,%23EkMiniKatha,,2021-05-27 01:52:43.859227,India
#MehulChoksi,http://twitter.com/search?q=%23MehulChoksi,%23MehulChoksi,,2021-05-27 01:52:43.859227,India
#justiceforloviassumi,http://twitter.com/search?q=%23justiceforloviassumi,%23justiceforloviassumi,10286.0,2021-05-27 01:52:43.859227,India
#MyPrideYogiJi,http://twitter.com/search?q=%23MyPrideYogiJi,%23MyPrideYogiJi,59266.0,2021-05-27 01:52:43.859227,India
#Moonshot,http://twitter.com/search?q=%23Moonshot,%23Moonshot,11066.0,2021-05-27 01:52:43.859227,India
#supermoon,http://twitter.com/search?q=%23supermoon,%23supermoon,28937.0,2021-05-27 01:52:43.859227,India
#BloodMoon,http://twitter.com/search?q=%23BloodMoon,%23BloodMoon,11534.0,2021-05-27 01:52:43.859227,India
#VillarrealManUtd,http://twitter.com/search?q=%23VillarrealManUtd,%23VillarrealManUtd,10763.0,2021-05-27 01:52:43.859227,Italy
#chilhavisto,http://twitter.com/search?q=%23chilhavisto,%23chilhavisto,,2021-05-27 01:52:43.859227,Italy
#EuropaLeagueFinal,http://twitter.com/search?q=%23EuropaLeagueFinal,%23EuropaLeagueFinal,90373.0,2021-05-27 01:52:43.859227,Italy
#Emery,http://twitter.com/search?q=%23Emery,%23Emery,,2021-05-27 01:52:43.859227,Italy
#Zidane,http://twitter.com/search?q=%23Zidane,%23Zidane,29530.0,2021-05-27 01:52:43.859227,Italy
#tradenudesِ,http://twitter.com/search?q=%23tradenudes%D9%90,%23tradenudes%D9%90,,2021-05-27 01:52:43.859227,Ukraine
#BTSMeal,http://twitter.com/search?q=%23BTSMeal,%23BTSMeal,782672.0,2021-05-27 01:52:43.859227,Ukraine
#cryptocurrencies,http://twitter.com/search?q=%23cryptocurrencies,%23cryptocurrencies,28149.0,2021-05-27 01:52:43.859227,Ukraine
#cumtributeِ,http://twitter.com/search?q=%23cumtribute%D9%90,%23cumtribute%D9%90,,2021-05-27 01:52:43.859227,Ukraine
#thotِ,http://twitter.com/search?q=%23thot%D9%90,%23thot%D9%90,,2021-05-27 01:52:43.859227,Ukraine
#Bitcoin,http://twitter.com/search?q=%23Bitcoin,%23Bitcoin,214513.0,2021-05-27 01:52:43.859227,Ukraine
#DeltaBlues,http://twitter.com/search?q=%23DeltaBlues,%23DeltaBlues,,2021-05-27 01:52:43.859227,Ukraine
#BlindDogRadio,http://twitter.com/search?q=%23BlindDogRadio,%23BlindDogRadio,,2021-05-27 01:52:43.859227,Ukraine
#AlimentosSurvivor,http://twitter.com/search?q=%23AlimentosSurvivor,%23AlimentosSurvivor,,2021-05-27 01:52:43.859227,Mexico
#SweetButter,http://twitter.com/search?q=%23SweetButter,%23SweetButter,18505.0,2021-05-27 01:52:43.859227,Mexico
#TeamPolar,http://twitter.com/search?q=%23TeamPolar,%23TeamPolar,,2021-05-27 01:52:43.859227,Mexico
#TeamPanda,http://twitter.com/search?q=%23TeamPanda,%23TeamPanda,,2021-05-27 01:52:43.859227,Mexico
#VotaCarlosLeal,http://twitter.com/search?q=%23VotaCarlosLeal,%23VotaCarlosLeal,,2021-05-27 01:52:43.859227,Mexico
#TheMaskedSinger,http://twitter.com/search?q=%23TheMaskedSinger,%23TheMaskedSinger,12089.0,2021-05-27 01:52:43.859227,United States
#Isles,http://twitter.com/search?q=%23Isles,%23Isles,13323.0,2021-05-27 01:52:43.859227,United States
#MAFS,http://twitter.com/search?q=%23MAFS,%23MAFS,,2021-05-27 01:52:43.859227,United States
#MarriedAtFirstSight,http://twitter.com/search?q=%23MarriedAtFirstSight,%23MarriedAtFirstSight,,2021-05-27 01:52:43.859227,United States
#RHONJ,http://twitter.com/search?q=%23RHONJ,%23RHONJ,,2021-05-27 01:52:43.859227,United States
#MorrisonLockdown,http://twitter.com/search?q=%23MorrisonLockdown,%23MorrisonLockdown,19109.0,2021-05-28 02:01:46.452641,Australia
#VicLockdown,http://twitter.com/search?q=%23VicLockdown,%23VicLockdown,,2021-05-28 02:01:46.452641,Australia
#COVID19Vic,http://twitter.com/search?q=%23COVID19Vic,%23COVID19Vic,11178.0,2021-05-28 02:01:46.452641,Australia
#HorizonForbiddenWest,http://twitter.com/search?q=%23HorizonForbiddenWest,%23HorizonForbiddenWest,34968.0,2021-05-28 02:01:46.452641,Australia
#paytheworkers,http://twitter.com/search?q=%23paytheworkers,%23paytheworkers,,2021-05-28 02:01:46.452641,Australia
#iHeartAwards2021,http://twitter.com/search?q=%23iHeartAwards2021,%23iHeartAwards2021,228640.0,2021-05-28 02:01:46.452641,Brazil
#MestreDoSabor,http://twitter.com/search?q=%23MestreDoSabor,%23MestreDoSabor,,2021-05-28 02:01:46.452641,Brazil
#FLAxVEL,http://twitter.com/search?q=%23FLAxVEL,%23FLAxVEL,11914.0,2021-05-28 02:01:46.452641,Brazil
#gremionaconmeboltv,http://twitter.com/search?q=%23gremionaconmeboltv,%23gremionaconmeboltv,,2021-05-28 02:01:46.452641,Brazil
#colunadofla,http://twitter.com/search?q=%23colunadofla,%23colunadofla,,2021-05-28 02:01:46.452641,Brazil
#GoHabsGo,http://twitter.com/search?q=%23GoHabsGo,%23GoHabsGo,,2021-05-28 02:01:46.452641,Canada
#bucciovertimechallenge,http://twitter.com/search?q=%23bucciovertimechallenge,%23bucciovertimechallenge,,2021-05-28 02:01:46.452641,Canada
#GoLeafsGo,http://twitter.com/search?q=%23GoLeafsGo,%23GoLeafsGo,,2021-05-28 02:01:46.452641,Canada
#MTLvsTOR,http://twitter.com/search?q=%23MTLvsTOR,%23MTLvsTOR,,2021-05-28 02:01:46.452641,Canada
#FriendsReunion,http://twitter.com/search?q=%23FriendsReunion,%23FriendsReunion,284827.0,2021-05-28 02:01:46.452641,Canada
#DTFxJL,http://twitter.com/search?q=%23DTFxJL,%23DTFxJL,,2021-05-28 02:01:46.452641,France
#iHeartAwards2021,http://twitter.com/search?q=%23iHeartAwards2021,%23iHeartAwards2021,223358.0,2021-05-28 02:01:46.452641,France
#HorizonForbiddenWest,http://twitter.com/search?q=%23HorizonForbiddenWest,%23HorizonForbiddenWest,34971.0,2021-05-28 02:01:46.452641,France
#Chernobyl,http://twitter.com/search?q=%23Chernobyl,%23Chernobyl,,2021-05-28 02:01:46.452641,France
#Parcoursup2021,http://twitter.com/search?q=%23Parcoursup2021,%23Parcoursup2021,95324.0,2021-05-28 02:01:46.452641,France
#FriendsReunion,http://twitter.com/search?q=%23FriendsReunion,%23FriendsReunion,284803.0,2021-05-28 02:01:46.452641,France
#Station19,http://twitter.com/search?q=%23Station19,%23Station19,17585.0,2021-05-28 02:01:46.452641,France
#BUTTERARMYPARTY,http://twitter.com/search?q=%23BUTTERARMYPARTY,%23BUTTERARMYPARTY,245872.0,2021-05-28 02:01:46.452641,France
#SpaceOM,http://twitter.com/search?q=%23SpaceOM,%23SpaceOM,,2021-05-28 02:01:46.452641,France
#doublestar,http://twitter.com/search?q=%23doublestar,%23doublestar,,2021-05-28 02:01:46.452641,France
#StateOfPlay,http://twitter.com/search?q=%23StateOfPlay,%23StateOfPlay,,2021-05-28 02:01:46.452641,France
#ViolencesPolicieres,http://twitter.com/search?q=%23ViolencesPolicieres,%23ViolencesPolicieres,,2021-05-28 02:01:46.452641,France
#BernardTapie,http://twitter.com/search?q=%23BernardTapie,%23BernardTapie,,2021-05-28 02:01:46.452641,France
#FabSpace,http://twitter.com/search?q=%23FabSpace,%23FabSpace,,2021-05-28 02:01:46.452641,France
#Luther,http://twitter.com/search?q=%23Luther,%23Luther,,2021-05-28 02:01:46.452641,France
#gntm,http://twitter.com/search?q=%23gntm,%23gntm,49631.0,2021-05-28 02:01:46.452641,Germany
#HorizonForbiddenWest,http://twitter.com/search?q=%23HorizonForbiddenWest,%23HorizonForbiddenWest,34971.0,2021-05-28 02:01:46.452641,Germany
#Lanz,http://twitter.com/search?q=%23Lanz,%23Lanz,,2021-05-28 02:01:46.452641,Germany
#Laumann,http://twitter.com/search?q=%23Laumann,%23Laumann,,2021-05-28 02:01:46.452641,Germany
#BUTTERARMYPARTY,http://twitter.com/search?q=%23BUTTERARMYPARTY,%23BUTTERARMYPARTY,245634.0,2021-05-28 02:01:46.452641,Germany
#भगवान_का_विधान,http://twitter.com/search?q=%23%E0%A4%AD%E0%A4%97%E0%A4%B5%E0%A4%BE%E0%A4%A8_%E0%A4%95%E0%A4%BE_%E0%A4%B5%E0%A4%BF%E0%A4%A7%E0%A4%BE%E0%A4%A8,%23%E0%A4%AD%E0%A4%97%E0%A4%B5%E0%A4%BE%E0%A4%A8_%E0%A4%95%E0%A4%BE_%E0%A4%B5%E0%A4%BF%E0%A4%A7%E0%A4%BE%E0%A4%A8,14422.0,2021-05-28 02:01:46.452641,India
#FarmLaws_ThreatToIndians,http://twitter.com/search?q=%23FarmLaws_ThreatToIndians,%23FarmLaws_ThreatToIndians,12810.0,2021-05-28 02:01:46.452641,India
#FridayFitness,http://twitter.com/search?q=%23FridayFitness,%23FridayFitness,,2021-05-28 02:01:46.452641,India
#GodMorningFriday,http://twitter.com/search?q=%23GodMorningFriday,%23GodMorningFriday,,2021-05-28 02:01:46.452641,India
#VeerSavarkar,http://twitter.com/search?q=%23VeerSavarkar,%23VeerSavarkar,,2021-05-28 02:01:46.452641,India
#buongiornomamma,http://twitter.com/search?q=%23buongiornomamma,%23buongiornomamma,,2021-05-28 02:01:46.452641,Italy
#iHeartAwards2021,http://twitter.com/search?q=%23iHeartAwards2021,%23iHeartAwards2021,223358.0,2021-05-28 02:01:46.452641,Italy
#perdirtichemispiace,http://twitter.com/search?q=%23perdirtichemispiace,%23perdirtichemispiace,,2021-05-28 02:01:46.452641,Italy
#animeselcaday,http://twitter.com/search?q=%23animeselcaday,%23animeselcaday,80191.0,2021-05-28 02:01:46.452641,Italy
#ANITWTselcaDAY,http://twitter.com/search?q=%23ANITWTselcaDAY,%23ANITWTselcaDAY,78806.0,2021-05-28 02:01:46.452641,Italy
#tradenudesِ,http://twitter.com/search?q=%23tradenudes%D9%90,%23tradenudes%D9%90,,2021-05-28 02:01:46.452641,Ukraine
#nsfwِ,http://twitter.com/search?q=%23nsfw%D9%90,%23nsfw%D9%90,53662.0,2021-05-28 02:01:46.452641,Ukraine
#NFTs,http://twitter.com/search?q=%23NFTs,%23NFTs,52405.0,2021-05-28 02:01:46.452641,Ukraine
#протасевич,http://twitter.com/search?q=%23%D0%BF%D1%80%D0%BE%D1%82%D0%B0%D1%81%D0%B5%D0%B2%D0%B8%D1%87,%23%D0%BF%D1%80%D0%BE%D1%82%D0%B0%D1%81%D0%B5%D0%B2%D0%B8%D1%87,,2021-05-28 02:01:46.452641,Ukraine
#Украина,http://twitter.com/search?q=%23%D0%A3%D0%BA%D1%80%D0%B0%D0%B8%D0%BD%D0%B0,%23%D0%A3%D0%BA%D1%80%D0%B0%D0%B8%D0%BD%D0%B0,,2021-05-28 02:01:46.452641,Ukraine
#ButterListeningParty7,http://twitter.com/search?q=%23ButterListeningParty7,%23ButterListeningParty7,21343.0,2021-05-28 02:01:46.452641,Mexico
#DecisiónSurvivor,http://twitter.com/search?q=%23Decisi%C3%B3nSurvivor,%23Decisi%C3%B3nSurvivor,,2021-05-28 02:01:46.452641,Mexico
#iHeartAwards2021,http://twitter.com/search?q=%23iHeartAwards2021,%23iHeartAwards2021,227670.0,2021-05-28 02:01:46.452641,Mexico
#QueSigaElTaconazo,http://twitter.com/search?q=%23QueSigaElTaconazo,%23QueSigaElTaconazo,,2021-05-28 02:01:46.452641,Mexico
#BUTTERARMYPARTY,http://twitter.com/search?q=%23BUTTERARMYPARTY,%23BUTTERARMYPARTY,245700.0,2021-05-28 02:01:46.452641,Mexico
#iHeartAwards2021,http://twitter.com/search?q=%23iHeartAwards2021,%23iHeartAwards2021,223358.0,2021-05-28 02:01:46.452641,United States
#quacktwtselfieday,http://twitter.com/search?q=%23quacktwtselfieday,%23quacktwtselfieday,12394.0,2021-05-28 02:01:46.452641,United States
#FriendsReunion,http://twitter.com/search?q=%23FriendsReunion,%23FriendsReunion,284803.0,2021-05-28 02:01:46.452641,United States
#BUTTERARMYPARTY,http://twitter.com/search?q=%23BUTTERARMYPARTY,%23BUTTERARMYPARTY,245872.0,2021-05-28 02:01:46.452641,United States
#GREATESTHITS,http://twitter.com/search?q=%23GREATESTHITS,%23GREATESTHITS,35479.0,2021-05-28 02:01:46.452641,United States
#scottyslockdown,http://twitter.com/search?q=%23scottyslockdown,%23scottyslockdown,,2021-05-29 02:19:19.305497,Australia
#AEWDynamite,http://twitter.com/search?q=%23AEWDynamite,%23AEWDynamite,11529.0,2021-05-29 02:19:19.305497,Australia
#SmackDown,http://twitter.com/search?q=%23SmackDown,%23SmackDown,32516.0,2021-05-29 02:19:19.305497,Australia
#melbournelockdown4,http://twitter.com/search?q=%23melbournelockdown4,%23melbournelockdown4,,2021-05-29 02:19:19.305497,Australia
#NBAPlayoffs,http://twitter.com/search?q=%23NBAPlayoffs,%23NBAPlayoffs,23839.0,2021-05-29 02:19:19.305497,Australia
#SonhoLGBTQ,http://twitter.com/search?q=%23SonhoLGBTQ,%23SonhoLGBTQ,16082.0,2021-05-29 02:19:19.305497,Brazil
#zapoucalote,http://twitter.com/search?q=%23zapoucalote,%23zapoucalote,,2021-05-29 02:19:19.305497,Brazil
#29MPovoNasRuas,http://twitter.com/search?q=%2329MPovoNasRuas,%2329MPovoNasRuas,25329.0,2021-05-29 02:19:19.305497,Brazil
#방탄소년단RM,http://twitter.com/search?q=%23%EB%B0%A9%ED%83%84%EC%86%8C%EB%85%84%EB%8B%A8RM,%23%EB%B0%A9%ED%83%84%EC%86%8C%EB%85%84%EB%8B%A8RM,39280.0,2021-05-29 02:19:19.305497,Brazil
#Namjoon,http://twitter.com/search?q=%23Namjoon,%23Namjoon,38765.0,2021-05-29 02:19:19.305497,Brazil
#SmackDown,http://twitter.com/search?q=%23SmackDown,%23SmackDown,32516.0,2021-05-29 02:19:19.305497,Canada
#AEWDynamite,http://twitter.com/search?q=%23AEWDynamite,%23AEWDynamite,11529.0,2021-05-29 02:19:19.305497,Canada
#TheLastDriveIn,http://twitter.com/search?q=%23TheLastDriveIn,%23TheLastDriveIn,,2021-05-29 02:19:19.305497,Canada
#spacesgottalent,http://twitter.com/search?q=%23spacesgottalent,%23spacesgottalent,15378.0,2021-05-29 02:19:19.305497,Canada
#MINvsVGK,http://twitter.com/search?q=%23MINvsVGK,%23MINvsVGK,,2021-05-29 02:19:19.305497,Canada
#VegasBorn,http://twitter.com/search?q=%23VegasBorn,%23VegasBorn,,2021-05-29 02:19:19.305497,Canada
#Game7,http://twitter.com/search?q=%23Game7,%23Game7,,2021-05-29 02:19:19.305497,Canada
#mnwild,http://twitter.com/search?q=%23mnwild,%23mnwild,,2021-05-29 02:19:19.305497,Canada
#MutantFam,http://twitter.com/search?q=%23MutantFam,%23MutantFam,,2021-05-29 02:19:19.305497,Canada
#residentialschools,http://twitter.com/search?q=%23residentialschools,%23residentialschools,,2021-05-29 02:19:19.305497,Canada
#LuciferSeason5B,http://twitter.com/search?q=%23LuciferSeason5B,%23LuciferSeason5B,35866.0,2021-05-29 02:19:19.305497,Canada
#FriendsTheReunion,http://twitter.com/search?q=%23FriendsTheReunion,%23FriendsTheReunion,,2021-05-29 02:19:19.305497,Canada
#genocide,http://twitter.com/search?q=%23genocide,%23genocide,11033.0,2021-05-29 02:19:19.305497,Canada
#FridayVibes,http://twitter.com/search?q=%23FridayVibes,%23FridayVibes,17413.0,2021-05-29 02:19:19.305497,Canada
#UCLFinal,http://twitter.com/search?q=%23UCLFinal,%23UCLFinal,155005.0,2021-05-29 02:19:19.305497,Canada
#January6thCommission,http://twitter.com/search?q=%23January6thCommission,%23January6thCommission,54463.0,2021-05-29 02:19:19.305497,Canada
#FridayFeeling,http://twitter.com/search?q=%23FridayFeeling,%23FridayFeeling,25133.0,2021-05-29 02:19:19.305497,Canada
#KohLanta,http://twitter.com/search?q=%23KohLanta,%23KohLanta,70835.0,2021-05-29 02:19:19.305497,France
#NBAExtra,http://twitter.com/search?q=%23NBAExtra,%23NBAExtra,,2021-05-29 02:19:19.305497,France
#testdematurité,http://twitter.com/search?q=%23testdematurit%C3%A9,%23testdematurit%C3%A9,,2021-05-29 02:19:19.305497,France
#RstFm,http://twitter.com/search?q=%23RstFm,%23RstFm,,2021-05-29 02:19:19.305497,France
#SmackDown,http://twitter.com/search?q=%23SmackDown,%23SmackDown,32535.0,2021-05-29 02:19:19.305497,France
#LetsDance,http://twitter.com/search?q=%23LetsDance,%23LetsDance,,2021-05-29 02:19:19.305497,Germany
#MittelalterCamp,http://twitter.com/search?q=%23MittelalterCamp,%23MittelalterCamp,,2021-05-29 02:19:19.305497,Germany
#MFFL,http://twitter.com/search?q=%23MFFL,%23MFFL,,2021-05-29 02:19:19.305497,Germany
#LifeChangingVigil,http://twitter.com/search?q=%23LifeChangingVigil,%23LifeChangingVigil,46568.0,2021-05-29 02:19:19.305497,Germany
#heuteshow,http://twitter.com/search?q=%23heuteshow,%23heuteshow,,2021-05-29 02:19:19.305497,Germany
#HappinessMantra,http://twitter.com/search?q=%23HappinessMantra,%23HappinessMantra,10832.0,2021-05-29 02:19:19.305497,India
#मोदी_बिचौलिया_अडानी_का,http://twitter.com/search?q=%23%E0%A4%AE%E0%A5%8B%E0%A4%A6%E0%A5%80_%E0%A4%AC%E0%A4%BF%E0%A4%9A%E0%A5%8C%E0%A4%B2%E0%A4%BF%E0%A4%AF%E0%A4%BE_%E0%A4%85%E0%A4%A1%E0%A4%BE%E0%A4%A8%E0%A5%80_%E0%A4%95%E0%A4%BE,%23%E0%A4%AE%E0%A5%8B%E0%A4%A6%E0%A5%80_%E0%A4%AC%E0%A4%BF%E0%A4%9A%E0%A5%8C%E0%A4%B2%E0%A4%BF%E0%A4%AF%E0%A4%BE_%E0%A4%85%E0%A4%A1%E0%A4%BE%E0%A4%A8%E0%A5%80_%E0%A4%95%E0%A4%BE,24101.0,2021-05-29 02:19:19.305497,India
#SaturdayMorning,http://twitter.com/search?q=%23SaturdayMorning,%23SaturdayMorning,,2021-05-29 02:19:19.305497,India
#SaturdayThoughts,http://twitter.com/search?q=%23SaturdayThoughts,%23SaturdayThoughts,,2021-05-29 02:19:19.305497,India
#किसानो_के_वैक्सीन_लगाओ,http://twitter.com/search?q=%23%E0%A4%95%E0%A4%BF%E0%A4%B8%E0%A4%BE%E0%A4%A8%E0%A5%8B_%E0%A4%95%E0%A5%87_%E0%A4%B5%E0%A5%88%E0%A4%95%E0%A5%8D%E0%A4%B8%E0%A5%80%E0%A4%A8_%E0%A4%B2%E0%A4%97%E0%A4%BE%E0%A4%93,%23%E0%A4%95%E0%A4%BF%E0%A4%B8%E0%A4%BE%E0%A4%A8%E0%A5%8B_%E0%A4%95%E0%A5%87_%E0%A4%B5%E0%A5%88%E0%A4%95%E0%A5%8D%E0%A4%B8%E0%A5%80%E0%A4%A8_%E0%A4%B2%E0%A4%97%E0%A4%BE%E0%A4%93,10113.0,2021-05-29 02:19:19.305497,India
#quartogrado,http://twitter.com/search?q=%23quartogrado,%23quartogrado,,2021-05-29 02:19:19.305497,Italy
#IlSegreto,http://twitter.com/search?q=%23IlSegreto,%23IlSegreto,,2021-05-29 02:19:19.305497,Italy
#Hakimi,http://twitter.com/search?q=%23Hakimi,%23Hakimi,,2021-05-29 02:19:19.305497,Italy
#clubshowitalia,http://twitter.com/search?q=%23clubshowitalia,%23clubshowitalia,,2021-05-29 02:19:19.305497,Italy
#ItaliaSanMarino,http://twitter.com/search?q=%23ItaliaSanMarino,%23ItaliaSanMarino,,2021-05-29 02:19:19.305497,Italy
#tradenudesِ,http://twitter.com/search?q=%23tradenudes%D9%90,%23tradenudes%D9%90,,2021-05-29 02:19:19.305497,Ukraine
#NFTdrop,http://twitter.com/search?q=%23NFTdrop,%23NFTdrop,,2021-05-29 02:19:19.305497,Ukraine
#nakedِ,http://twitter.com/search?q=%23naked%D9%90,%23naked%D9%90,,2021-05-29 02:19:19.305497,Ukraine
#DeltaBlues,http://twitter.com/search?q=%23DeltaBlues,%23DeltaBlues,,2021-05-29 02:19:19.305497,Ukraine
#BlindDogRadio,http://twitter.com/search?q=%23BlindDogRadio,%23BlindDogRadio,,2021-05-29 02:19:19.305497,Ukraine
#nftcollector,http://twitter.com/search?q=%23nftcollector,%23nftcollector,27019.0,2021-05-29 02:19:19.305497,Ukraine
#TribusEnJuego,http://twitter.com/search?q=%23TribusEnJuego,%23TribusEnJuego,,2021-05-29 02:19:19.305497,Mexico
#PremiosLikesBrasil,http://twitter.com/search?q=%23PremiosLikesBrasil,%23PremiosLikesBrasil,47098.0,2021-05-29 02:19:19.305497,Mexico
#AlbumAnoEvermore,http://twitter.com/search?q=%23AlbumAnoEvermore,%23AlbumAnoEvermore,20007.0,2021-05-29 02:19:19.305497,Mexico
#AlbumHitFolklore,http://twitter.com/search?q=%23AlbumHitFolklore,%23AlbumHitFolklore,19983.0,2021-05-29 02:19:19.305497,Mexico
#DiadelPerroSinRaza,http://twitter.com/search?q=%23DiadelPerroSinRaza,%23DiadelPerroSinRaza,,2021-05-29 02:19:19.305497,Mexico
#AEWDynamite,http://twitter.com/search?q=%23AEWDynamite,%23AEWDynamite,11704.0,2021-05-29 02:19:19.305497,United States
#SmackDown,http://twitter.com/search?q=%23SmackDown,%23SmackDown,32496.0,2021-05-29 02:19:19.305497,United States
#TheLastDriveIn,http://twitter.com/search?q=%23TheLastDriveIn,%23TheLastDriveIn,,2021-05-29 02:19:19.305497,United States
#spacesgottalent,http://twitter.com/search?q=%23spacesgottalent,%23spacesgottalent,15398.0,2021-05-29 02:19:19.305497,United States
#MFFL,http://twitter.com/search?q=%23MFFL,%23MFFL,,2021-05-29 02:19:19.305497,United States
#insiders,http://twitter.com/search?q=%23insiders,%23insiders,15331.0,2021-05-30 02:34:05.644170,Australia
#auspol,http://twitter.com/search?q=%23auspol,%23auspol,29278.0,2021-05-30 02:34:05.644170,Australia
#Offsiders,http://twitter.com/search?q=%23Offsiders,%23Offsiders,,2021-05-30 02:34:05.644170,Australia
#melbournelockdown4,http://twitter.com/search?q=%23melbournelockdown4,%23melbournelockdown4,,2021-05-30 02:34:05.644170,Australia
#UCLFinal,http://twitter.com/search?q=%23UCLFinal,%23UCLFinal,1448185.0,2021-05-30 02:34:05.644170,Australia
#LiveCachacaCabare4,http://twitter.com/search?q=%23LiveCachacaCabare4,%23LiveCachacaCabare4,12237.0,2021-05-30 02:34:05.644170,Brazil
#29MForaBolsonaro,http://twitter.com/search?q=%2329MForaBolsonaro,%2329MForaBolsonaro,960918.0,2021-05-30 02:34:05.644170,Brazil
#desconjurou,http://twitter.com/search?q=%23desconjurou,%23desconjurou,52603.0,2021-05-30 02:34:05.644170,Brazil
#FestaPowerCouple,http://twitter.com/search?q=%23FestaPowerCouple,%23FestaPowerCouple,,2021-05-30 02:34:05.644170,Brazil
#ForaGenocida,http://twitter.com/search?q=%23ForaGenocida,%23ForaGenocida,43534.0,2021-05-30 02:34:05.644170,Brazil
#bucciovertimechallenge,http://twitter.com/search?q=%23bucciovertimechallenge,%23bucciovertimechallenge,,2021-05-30 02:34:05.644170,Canada
#TORvsMTL,http://twitter.com/search?q=%23TORvsMTL,%23TORvsMTL,,2021-05-30 02:34:05.644170,Canada
#215children,http://twitter.com/search?q=%23215children,%23215children,,2021-05-30 02:34:05.644170,Canada
#tmltalk,http://twitter.com/search?q=%23tmltalk,%23tmltalk,,2021-05-30 02:34:05.644170,Canada
#HNIC,http://twitter.com/search?q=%23HNIC,%23HNIC,,2021-05-30 02:34:05.644170,Canada
#UCLFinal,http://twitter.com/search?q=%23UCLFinal,%23UCLFinal,1448121.0,2021-05-30 02:34:05.644170,France
#ChampionsLeagueFinal,http://twitter.com/search?q=%23ChampionsLeagueFinal,%23ChampionsLeagueFinal,186080.0,2021-05-30 02:34:05.644170,France
#MCICHE,http://twitter.com/search?q=%23MCICHE,%23MCICHE,104094.0,2021-05-30 02:34:05.644170,France
#CHEMCI,http://twitter.com/search?q=%23CHEMCI,%23CHEMCI,31692.0,2021-05-30 02:34:05.644170,France
#OEED,http://twitter.com/search?q=%23OEED,%23OEED,,2021-05-30 02:34:05.644170,France
#STASM,http://twitter.com/search?q=%23STASM,%23STASM,,2021-05-30 02:34:05.644170,France
#lalettre,http://twitter.com/search?q=%23lalettre,%23lalettre,,2021-05-30 02:34:05.644170,France
#UCLFinal,http://twitter.com/search?q=%23UCLFinal,%23UCLFinal,1448121.0,2021-05-30 02:34:05.644170,Germany
#MCICHE,http://twitter.com/search?q=%23MCICHE,%23MCICHE,104094.0,2021-05-30 02:34:05.644170,Germany
#ChampionsLeagueFinal,http://twitter.com/search?q=%23ChampionsLeagueFinal,%23ChampionsLeagueFinal,186080.0,2021-05-30 02:34:05.644170,Germany
#MCICFC,http://twitter.com/search?q=%23MCICFC,%23MCICFC,10142.0,2021-05-30 02:34:05.644170,Germany
#kpopopinions,http://twitter.com/search?q=%23kpopopinions,%23kpopopinions,11604.0,2021-05-30 02:34:05.644170,Germany
#AajTak_दलाल_मोदी_का,http://twitter.com/search?q=%23AajTak_%E0%A4%A6%E0%A4%B2%E0%A4%BE%E0%A4%B2_%E0%A4%AE%E0%A5%8B%E0%A4%A6%E0%A5%80_%E0%A4%95%E0%A4%BE,%23AajTak_%E0%A4%A6%E0%A4%B2%E0%A4%BE%E0%A4%B2_%E0%A4%AE%E0%A5%8B%E0%A4%A6%E0%A5%80_%E0%A4%95%E0%A4%BE,31205.0,2021-05-30 02:34:05.644170,India
#SundayThoughts,http://twitter.com/search?q=%23SundayThoughts,%23SundayThoughts,,2021-05-30 02:34:05.644170,India
#GoBackStalin,http://twitter.com/search?q=%23GoBackStalin,%23GoBackStalin,,2021-05-30 02:34:05.644170,India
#SpiritualSunday,http://twitter.com/search?q=%23SpiritualSunday,%23SpiritualSunday,11717.0,2021-05-30 02:34:05.644170,India
#SundayMotivation,http://twitter.com/search?q=%23SundayMotivation,%23SundayMotivation,,2021-05-30 02:34:05.644170,India
#GodMorningSunday,http://twitter.com/search?q=%23GodMorningSunday,%23GodMorningSunday,,2021-05-30 02:34:05.644170,India
#NathSectYoga,http://twitter.com/search?q=%23NathSectYoga,%23NathSectYoga,86584.0,2021-05-30 02:34:05.644170,India
#UCLFinal,http://twitter.com/search?q=%23UCLFinal,%23UCLFinal,1447948.0,2021-05-30 02:34:05.644170,India
#पंचायत_सहायक_नियमित_करो,http://twitter.com/search?q=%23%E0%A4%AA%E0%A4%82%E0%A4%9A%E0%A4%BE%E0%A4%AF%E0%A4%A4_%E0%A4%B8%E0%A4%B9%E0%A4%BE%E0%A4%AF%E0%A4%95_%E0%A4%A8%E0%A4%BF%E0%A4%AF%E0%A4%AE%E0%A4%BF%E0%A4%A4_%E0%A4%95%E0%A4%B0%E0%A5%8B,%23%E0%A4%AA%E0%A4%82%E0%A4%9A%E0%A4%BE%E0%A4%AF%E0%A4%A4_%E0%A4%B8%E0%A4%B9%E0%A4%BE%E0%A4%AF%E0%A4%95_%E0%A4%A8%E0%A4%BF%E0%A4%AF%E0%A4%AE%E0%A4%BF%E0%A4%A4_%E0%A4%95%E0%A4%B0%E0%A5%8B,22734.0,2021-05-30 02:34:05.644170,India
#sundayvibes,http://twitter.com/search?q=%23sundayvibes,%23sundayvibes,,2021-05-30 02:34:05.644170,India
#SundayMorning,http://twitter.com/search?q=%23SundayMorning,%23SundayMorning,,2021-05-30 02:34:05.644170,India
#MannKiBaat,http://twitter.com/search?q=%23MannKiBaat,%23MannKiBaat,10605.0,2021-05-30 02:34:05.644170,India
#हिंदी_पत्रकारिता_दिवस,http://twitter.com/search?q=%23%E0%A4%B9%E0%A4%BF%E0%A4%82%E0%A4%A6%E0%A5%80_%E0%A4%AA%E0%A4%A4%E0%A5%8D%E0%A4%B0%E0%A4%95%E0%A4%BE%E0%A4%B0%E0%A4%BF%E0%A4%A4%E0%A4%BE_%E0%A4%A6%E0%A4%BF%E0%A4%B5%E0%A4%B8,%23%E0%A4%B9%E0%A4%BF%E0%A4%82%E0%A4%A6%E0%A5%80_%E0%A4%AA%E0%A4%A4%E0%A5%8D%E0%A4%B0%E0%A4%95%E0%A4%BE%E0%A4%B0%E0%A4%BF%E0%A4%A4%E0%A4%BE_%E0%A4%A6%E0%A4%BF%E0%A4%B5%E0%A4%B8,,2021-05-30 02:34:05.644170,India
#SHC_भवन_खोड़ा_2013,http://twitter.com/search?q=%23SHC_%E0%A4%AD%E0%A4%B5%E0%A4%A8_%E0%A4%96%E0%A5%8B%E0%A4%A1%E0%A4%BC%E0%A4%BE_2013,%23SHC_%E0%A4%AD%E0%A4%B5%E0%A4%A8_%E0%A4%96%E0%A5%8B%E0%A4%A1%E0%A4%BC%E0%A4%BE_2013,10780.0,2021-05-30 02:34:05.644170,India
#BHILPRADESH_STATE,http://twitter.com/search?q=%23BHILPRADESH_STATE,%23BHILPRADESH_STATE,,2021-05-30 02:34:05.644170,India
#ArrestBillGates,http://twitter.com/search?q=%23ArrestBillGates,%23ArrestBillGates,23936.0,2021-05-30 02:34:05.644170,India
#CHEMCI,http://twitter.com/search?q=%23CHEMCI,%23CHEMCI,31691.0,2021-05-30 02:34:05.644170,India
#2YearsForYSJaganAneNenu,http://twitter.com/search?q=%232YearsForYSJaganAneNenu,%232YearsForYSJaganAneNenu,207043.0,2021-05-30 02:34:05.644170,India
#HappyBirthdayAlluSirish,http://twitter.com/search?q=%23HappyBirthdayAlluSirish,%23HappyBirthdayAlluSirish,,2021-05-30 02:34:05.644170,India
#MCICHE,http://twitter.com/search?q=%23MCICHE,%23MCICHE,104075.0,2021-05-30 02:34:05.644170,India
#KTBFFH,http://twitter.com/search?q=%23KTBFFH,%23KTBFFH,24983.0,2021-05-30 02:34:05.644170,India
#HappyBirthdayJenniferWinget,http://twitter.com/search?q=%23HappyBirthdayJenniferWinget,%23HappyBirthdayJenniferWinget,24103.0,2021-05-30 02:34:05.644170,India
#asksumedh,http://twitter.com/search?q=%23asksumedh,%23asksumedh,,2021-05-30 02:34:05.644170,India
#PMCaresFund,http://twitter.com/search?q=%23PMCaresFund,%23PMCaresFund,16820.0,2021-05-30 02:34:05.644170,India
#UCLFinal,http://twitter.com/search?q=%23UCLFinal,%23UCLFinal,1448121.0,2021-05-30 02:34:05.644170,Italy
#ChampionsLeagueFinal,http://twitter.com/search?q=%23ChampionsLeagueFinal,%23ChampionsLeagueFinal,186080.0,2021-05-30 02:34:05.644170,Italy
#ManCityChelsea,http://twitter.com/search?q=%23ManCityChelsea,%23ManCityChelsea,17519.0,2021-05-30 02:34:05.644170,Italy
#Guardiola,http://twitter.com/search?q=%23Guardiola,%23Guardiola,,2021-05-30 02:34:05.644170,Italy
#ceferinout,http://twitter.com/search?q=%23ceferinout,%23ceferinout,,2021-05-30 02:34:05.644170,Italy
#UCLFinal,http://twitter.com/search?q=%23UCLFinal,%23UCLFinal,1448121.0,2021-05-30 02:34:05.644170,Ukraine
#cumtributeِ,http://twitter.com/search?q=%23cumtribute%D9%90,%23cumtribute%D9%90,,2021-05-30 02:34:05.644170,Ukraine
#nudesِ,http://twitter.com/search?q=%23nudes%D9%90,%23nudes%D9%90,10133.0,2021-05-30 02:34:05.644170,Ukraine
#jailbaitِ,http://twitter.com/search?q=%23jailbait%D9%90,%23jailbait%D9%90,,2021-05-30 02:34:05.644170,Ukraine
#nftcollectors,http://twitter.com/search?q=%23nftcollectors,%23nftcollectors,16315.0,2021-05-30 02:34:05.644170,Ukraine
#cryptoart,http://twitter.com/search?q=%23cryptoart,%23cryptoart,19084.0,2021-05-30 02:34:05.644170,Ukraine
#DownhomeBlues,http://twitter.com/search?q=%23DownhomeBlues,%23DownhomeBlues,,2021-05-30 02:34:05.644170,Ukraine
#TPHAs21BTS,http://twitter.com/search?q=%23TPHAs21BTS,%23TPHAs21BTS,57126.0,2021-05-30 02:34:05.644170,Mexico
#RicardoPonceAbusador,http://twitter.com/search?q=%23RicardoPonceAbusador,%23RicardoPonceAbusador,12652.0,2021-05-30 02:34:05.644170,Mexico
#InvasionAzteca,http://twitter.com/search?q=%23InvasionAzteca,%23InvasionAzteca,,2021-05-30 02:34:05.644170,Mexico
#ElResurrectorioMaldito,http://twitter.com/search?q=%23ElResurrectorioMaldito,%23ElResurrectorioMaldito,,2021-05-30 02:34:05.644170,Mexico
#PasionYOrgullo,http://twitter.com/search?q=%23PasionYOrgullo,%23PasionYOrgullo,,2021-05-30 02:34:05.644170,Mexico
#bucciovertimechallenge,http://twitter.com/search?q=%23bucciovertimechallenge,%23bucciovertimechallenge,,2021-05-30 02:34:05.644170,United States
#HiJustin,http://twitter.com/search?q=%23HiJustin,%23HiJustin,,2021-05-30 02:34:05.644170,United States
#campingworldroadtrip,http://twitter.com/search?q=%23campingworldroadtrip,%23campingworldroadtrip,,2021-05-30 02:34:05.644170,United States
#kpopopinions,http://twitter.com/search?q=%23kpopopinions,%23kpopopinions,11614.0,2021-05-30 02:34:05.644170,United States
#MostRequestedLive,http://twitter.com/search?q=%23MostRequestedLive,%23MostRequestedLive,98302.0,2021-05-30 02:34:05.644170,United States
#CovidVic,http://twitter.com/search?q=%23CovidVic,%23CovidVic,,2021-05-31 02:45:42.868805,Australia
#AEWDoN,http://twitter.com/search?q=%23AEWDoN,%23AEWDoN,76491.0,2021-05-31 02:45:42.868805,Australia
#DoubleOrNothing,http://twitter.com/search?q=%23DoubleOrNothing,%23DoubleOrNothing,54866.0,2021-05-31 02:45:42.868805,Australia
#boycottharveynorman,http://twitter.com/search?q=%23boycottharveynorman,%23boycottharveynorman,,2021-05-31 02:45:42.868805,Australia
#melbournelockdown2021,http://twitter.com/search?q=%23melbournelockdown2021,%23melbournelockdown2021,,2021-05-31 02:45:42.868805,Australia
#Fantastico,http://twitter.com/search?q=%23Fantastico,%23Fantastico,,2021-05-31 02:45:42.868805,Brazil
#حاسبوا_المتحرش_البرازيلي,http://twitter.com/search?q=%23%D8%AD%D8%A7%D8%B3%D8%A8%D9%88%D8%A7_%D8%A7%D9%84%D9%85%D8%AA%D8%AD%D8%B1%D8%B4_%D8%A7%D9%84%D8%A8%D8%B1%D8%A7%D8%B2%D9%8A%D9%84%D9%8A,%23%D8%AD%D8%A7%D8%B3%D8%A8%D9%88%D8%A7_%D8%A7%D9%84%D9%85%D8%AA%D8%AD%D8%B1%D8%B4_%D8%A7%D9%84%D8%A8%D8%B1%D8%A7%D8%B2%D9%8A%D9%84%D9%8A,13002.0,2021-05-31 02:45:42.868805,Brazil
#ProgramaSilvioSantos,http://twitter.com/search?q=%23ProgramaSilvioSantos,%23ProgramaSilvioSantos,,2021-05-31 02:45:42.868805,Brazil
#MareOfEasttown,http://twitter.com/search?q=%23MareOfEasttown,%23MareOfEasttown,10597.0,2021-05-31 02:45:42.868805,Brazil
#setupdosyodistas,http://twitter.com/search?q=%23setupdosyodistas,%23setupdosyodistas,,2021-05-31 02:45:42.868805,Brazil
#AEWDoN,http://twitter.com/search?q=%23AEWDoN,%23AEWDoN,76687.0,2021-05-31 02:45:42.868805,Canada
#GoAvsGo,http://twitter.com/search?q=%23GoAvsGo,%23GoAvsGo,11441.0,2021-05-31 02:45:42.868805,Canada
#AEWDoubleOrNothing,http://twitter.com/search?q=%23AEWDoubleOrNothing,%23AEWDoubleOrNothing,13967.0,2021-05-31 02:45:42.868805,Canada
#VERZUZ,http://twitter.com/search?q=%23VERZUZ,%23VERZUZ,25844.0,2021-05-31 02:45:42.868805,Canada
#VGKvsCOL,http://twitter.com/search?q=%23VGKvsCOL,%23VGKvsCOL,,2021-05-31 02:45:42.868805,Canada
#AEWDoN,http://twitter.com/search?q=%23AEWDoN,%23AEWDoN,76395.0,2021-05-31 02:45:42.868805,France
#DoubleOrNothing,http://twitter.com/search?q=%23DoubleOrNothing,%23DoubleOrNothing,54916.0,2021-05-31 02:45:42.868805,France
#DimancheCanap,http://twitter.com/search?q=%23DimancheCanap,%23DimancheCanap,,2021-05-31 02:45:42.868805,France
#ONEPIECE,http://twitter.com/search?q=%23ONEPIECE,%23ONEPIECE,26814.0,2021-05-31 02:45:42.868805,France
#VERZUZ,http://twitter.com/search?q=%23VERZUZ,%23VERZUZ,25844.0,2021-05-31 02:45:42.868805,France
#AEWDoN,http://twitter.com/search?q=%23AEWDoN,%23AEWDoN,76687.0,2021-05-31 02:45:42.868805,Germany
#Kinderlose,http://twitter.com/search?q=%23Kinderlose,%23Kinderlose,,2021-05-31 02:45:42.868805,Germany
#AnneWill,http://twitter.com/search?q=%23AnneWill,%23AnneWill,,2021-05-31 02:45:42.868805,Germany
#DoubleOrNothing,http://twitter.com/search?q=%23DoubleOrNothing,%23DoubleOrNothing,54916.0,2021-05-31 02:45:42.868805,Germany
#GermanHomeofNASCAR,http://twitter.com/search?q=%23GermanHomeofNASCAR,%23GermanHomeofNASCAR,,2021-05-31 02:45:42.868805,Germany
#WorldNoTobaccoDay,http://twitter.com/search?q=%23WorldNoTobaccoDay,%23WorldNoTobaccoDay,19095.0,2021-05-31 02:45:42.868805,India
#मोदी_कठपुतली_अंबानी_की,http://twitter.com/search?q=%23%E0%A4%AE%E0%A5%8B%E0%A4%A6%E0%A5%80_%E0%A4%95%E0%A4%A0%E0%A4%AA%E0%A5%81%E0%A4%A4%E0%A4%B2%E0%A5%80_%E0%A4%85%E0%A4%82%E0%A4%AC%E0%A4%BE%E0%A4%A8%E0%A5%80_%E0%A4%95%E0%A5%80,%23%E0%A4%AE%E0%A5%8B%E0%A4%A6%E0%A5%80_%E0%A4%95%E0%A4%A0%E0%A4%AA%E0%A5%81%E0%A4%A4%E0%A4%B2%E0%A5%80_%E0%A4%85%E0%A4%82%E0%A4%AC%E0%A4%BE%E0%A4%A8%E0%A5%80_%E0%A4%95%E0%A5%80,34531.0,2021-05-31 02:45:42.868805,India
#CommitToQuit,http://twitter.com/search?q=%23CommitToQuit,%23CommitToQuit,19336.0,2021-05-31 02:45:42.868805,India
#MondayMotivation,http://twitter.com/search?q=%23MondayMotivation,%23MondayMotivation,,2021-05-31 02:45:42.868805,India
#mondaythoughts,http://twitter.com/search?q=%23mondaythoughts,%23mondaythoughts,,2021-05-31 02:45:42.868805,India
#GodMorningMonday,http://twitter.com/search?q=%23GodMorningMonday,%23GodMorningMonday,14026.0,2021-05-31 02:45:42.868805,India
#देश_PM_मोदी_के_साथ,http://twitter.com/search?q=%23%E0%A4%A6%E0%A5%87%E0%A4%B6_PM_%E0%A4%AE%E0%A5%8B%E0%A4%A6%E0%A5%80_%E0%A4%95%E0%A5%87_%E0%A4%B8%E0%A4%BE%E0%A4%A5,%23%E0%A4%A6%E0%A5%87%E0%A4%B6_PM_%E0%A4%AE%E0%A5%8B%E0%A4%A6%E0%A5%80_%E0%A4%95%E0%A5%87_%E0%A4%B8%E0%A4%BE%E0%A4%A5,,2021-05-31 02:45:42.868805,India
#MondayMorning,http://twitter.com/search?q=%23MondayMorning,%23MondayMorning,,2021-05-31 02:45:42.868805,India
#HBDLegendarySSKgaru,http://twitter.com/search?q=%23HBDLegendarySSKgaru,%23HBDLegendarySSKgaru,113661.0,2021-05-31 02:45:42.868805,India
#नाली_का_कीड़ा,http://twitter.com/search?q=%23%E0%A4%A8%E0%A4%BE%E0%A4%B2%E0%A5%80_%E0%A4%95%E0%A4%BE_%E0%A4%95%E0%A5%80%E0%A4%A1%E0%A4%BC%E0%A4%BE,%23%E0%A4%A8%E0%A4%BE%E0%A4%B2%E0%A5%80_%E0%A4%95%E0%A4%BE_%E0%A4%95%E0%A5%80%E0%A4%A1%E0%A4%BC%E0%A4%BE,13320.0,2021-05-31 02:45:42.868805,India
#वेटिंग_पुलिस_भर्ती_2018,http://twitter.com/search?q=%23%E0%A4%B5%E0%A5%87%E0%A4%9F%E0%A4%BF%E0%A4%82%E0%A4%97_%E0%A4%AA%E0%A5%81%E0%A4%B2%E0%A4%BF%E0%A4%B8_%E0%A4%AD%E0%A4%B0%E0%A5%8D%E0%A4%A4%E0%A5%80_2018,%23%E0%A4%B5%E0%A5%87%E0%A4%9F%E0%A4%BF%E0%A4%82%E0%A4%97_%E0%A4%AA%E0%A5%81%E0%A4%B2%E0%A4%BF%E0%A4%B8_%E0%A4%AD%E0%A4%B0%E0%A5%8D%E0%A4%A4%E0%A5%80_2018,35274.0,2021-05-31 02:45:42.868805,India
#GaliWaliMadam,http://twitter.com/search?q=%23GaliWaliMadam,%23GaliWaliMadam,54121.0,2021-05-31 02:45:42.868805,India
#यूपी_के_शिक्षामित्रों_का_दर्द,http://twitter.com/search?q=%23%E0%A4%AF%E0%A5%82%E0%A4%AA%E0%A5%80_%E0%A4%95%E0%A5%87_%E0%A4%B6%E0%A4%BF%E0%A4%95%E0%A5%8D%E0%A4%B7%E0%A4%BE%E0%A4%AE%E0%A4%BF%E0%A4%A4%E0%A5%8D%E0%A4%B0%E0%A5%8B%E0%A4%82_%E0%A4%95%E0%A4%BE_%E0%A4%A6%E0%A4%B0%E0%A5%8D%E0%A4%A6,%23%E0%A4%AF%E0%A5%82%E0%A4%AA%E0%A5%80_%E0%A4%95%E0%A5%87_%E0%A4%B6%E0%A4%BF%E0%A4%95%E0%A5%8D%E0%A4%B7%E0%A4%BE%E0%A4%AE%E0%A4%BF%E0%A4%A4%E0%A5%8D%E0%A4%B0%E0%A5%8B%E0%A4%82_%E0%A4%95%E0%A4%BE_%E0%A4%A6%E0%A4%B0%E0%A5%8D%E0%A4%A6,,2021-05-31 02:45:42.868805,India
#CongenitalLiarVanathi,http://twitter.com/search?q=%23CongenitalLiarVanathi,%23CongenitalLiarVanathi,13341.0,2021-05-31 02:45:42.868805,India
#हर_हर_महादेव,http://twitter.com/search?q=%23%E0%A4%B9%E0%A4%B0_%E0%A4%B9%E0%A4%B0_%E0%A4%AE%E0%A4%B9%E0%A4%BE%E0%A4%A6%E0%A5%87%E0%A4%B5,%23%E0%A4%B9%E0%A4%B0_%E0%A4%B9%E0%A4%B0_%E0%A4%AE%E0%A4%B9%E0%A4%BE%E0%A4%A6%E0%A5%87%E0%A4%B5,10802.0,2021-05-31 02:45:42.868805,India
#ctcf,http://twitter.com/search?q=%23ctcf,%23ctcf,,2021-05-31 02:45:42.868805,Italy
#avantiunaltropuredisera,http://twitter.com/search?q=%23avantiunaltropuredisera,%23avantiunaltropuredisera,,2021-05-31 02:45:42.868805,Italy
#AEWDoN,http://twitter.com/search?q=%23AEWDoN,%23AEWDoN,76395.0,2021-05-31 02:45:42.868805,Italy
#nonMiBasta,http://twitter.com/search?q=%23nonMiBasta,%23nonMiBasta,,2021-05-31 02:45:42.868805,Italy
#Speranza,http://twitter.com/search?q=%23Speranza,%23Speranza,,2021-05-31 02:45:42.868805,Italy
#jailbaitِ,http://twitter.com/search?q=%23jailbait%D9%90,%23jailbait%D9%90,,2021-05-31 02:45:42.868805,Ukraine
#hornyِ,http://twitter.com/search?q=%23horny%D9%90,%23horny%D9%90,24708.0,2021-05-31 02:45:42.868805,Ukraine
#nakedِ,http://twitter.com/search?q=%23naked%D9%90,%23naked%D9%90,,2021-05-31 02:45:42.868805,Ukraine
#nsfwِ,http://twitter.com/search?q=%23nsfw%D9%90,%23nsfw%D9%90,56280.0,2021-05-31 02:45:42.868805,Ukraine
#FinalLigaMX,http://twitter.com/search?q=%23FinalLigaMX,%23FinalLigaMX,,2021-05-31 02:45:42.868805,Mexico
#EstaEsLaBuena,http://twitter.com/search?q=%23EstaEsLaBuena,%23EstaEsLaBuena,,2021-05-31 02:45:42.868805,Mexico
#ConcejoEnDuelo,http://twitter.com/search?q=%23ConcejoEnDuelo,%23ConcejoEnDuelo,,2021-05-31 02:45:42.868805,Mexico
#LuisMiguelLaSerie,http://twitter.com/search?q=%23LuisMiguelLaSerie,%23LuisMiguelLaSerie,,2021-05-31 02:45:42.868805,Mexico
#PapaLuchon,http://twitter.com/search?q=%23PapaLuchon,%23PapaLuchon,,2021-05-31 02:45:42.868805,Mexico
#MareOfEasttown,http://twitter.com/search?q=%23MareOfEasttown,%23MareOfEasttown,10514.0,2021-05-31 02:45:42.868805,United States
#AEWDoN,http://twitter.com/search?q=%23AEWDoN,%23AEWDoN,76687.0,2021-05-31 02:45:42.868805,United States
#VERZUZ,http://twitter.com/search?q=%23VERZUZ,%23VERZUZ,25844.0,2021-05-31 02:45:42.868805,United States
#DoubleOrNothing,http://twitter.com/search?q=%23DoubleOrNothing,%23DoubleOrNothing,54916.0,2021-05-31 02:45:42.868805,United States
#GoAvsGo,http://twitter.com/search?q=%23GoAvsGo,%23GoAvsGo,11441.0,2021-05-31 02:45:42.868805,United States
