trend_name,trend_url,trend_query,tweet_volume,searched_at_datetime,searched_in_country
ICAC,http://twitter.com/search?q=ICAC,ICAC,59674.0,2021-10-02 13:06:44.759519,Australia
ICAC,http://twitter.com/search?q=ICAC,ICAC,59674.0,2021-10-02 13:06:44.759519,Australia
#MUNEVE,http://twitter.com/search?q=%23MUNEVE,%23MUNEVE,69280.0,2021-10-02 13:06:44.759519,Australia
#DanNext,http://twitter.com/search?q=%23DanNext,%23DanNext,32091.0,2021-10-02 13:06:44.759519,Australia
#RSAvNZL,http://twitter.com/search?q=%23RSAvNZL,%23RSAvNZL,11784.0,2021-10-02 13:06:44.759519,Australia
Townsend,http://twitter.com/search?q=Townsend,Townsend,21059.0,2021-10-02 13:06:44.759519,Australia
Martial,http://twitter.com/search?q=Martial,Martial,69462.0,2021-10-02 13:06:44.759519,Australia
Everton,http://twitter.com/search?q=Everton,Everton,78939.0,2021-10-02 13:06:44.759519,Australia
#nswpol,http://twitter.com/search?q=%23nswpol,%23nswpol,,2021-10-02 13:06:44.759519,Australia
Ronaldo,http://twitter.com/search?q=Ronaldo,Ronaldo,137497.0,2021-10-02 13:06:44.759519,Australia
Premier,http://twitter.com/search?q=Premier,Premier,157358.0,2021-10-02 13:06:44.759519,Australia
#couchpeloton,http://twitter.com/search?q=%23couchpeloton,%23couchpeloton,,2021-10-02 13:06:44.759519,Australia
jungkook,http://twitter.com/search?q=jungkook,jungkook,1247526.0,2021-10-02 13:06:44.759519,Australia
Perrottet,http://twitter.com/search?q=Perrottet,Perrottet,,2021-10-02 13:06:44.759519,Australia
Halloween,http://twitter.com/search?q=Halloween,Halloween,521915.0,2021-10-02 13:06:44.759519,Australia
Boks,http://twitter.com/search?q=Boks,Boks,,2021-10-02 13:06:44.759519,Australia
Corruption,http://twitter.com/search?q=Corruption,Corruption,122114.0,2021-10-02 13:06:44.759519,Australia
All Blacks,http://twitter.com/search?q=%22All+Blacks%22,%22All+Blacks%22,,2021-10-02 13:06:44.759519,Australia
Sancho,http://twitter.com/search?q=Sancho,Sancho,24049.0,2021-10-02 13:06:44.759519,Australia
Greenwood,http://twitter.com/search?q=Greenwood,Greenwood,21170.0,2021-10-02 13:06:44.759519,Australia
Gray,http://twitter.com/search?q=Gray,Gray,52308.0,2021-10-02 13:06:44.759519,Australia
Pogba,http://twitter.com/search?q=Pogba,Pogba,17736.0,2021-10-02 13:06:44.759519,Australia
Rondon,http://twitter.com/search?q=Rondon,Rondon,,2021-10-02 13:06:44.759519,Australia
Doucoure,http://twitter.com/search?q=Doucoure,Doucoure,,2021-10-02 13:06:44.759519,Australia
Pickford,http://twitter.com/search?q=Pickford,Pickford,,2021-10-02 13:06:44.759519,Australia
minghao,http://twitter.com/search?q=minghao,minghao,48170.0,2021-10-02 13:06:44.759519,Australia
SEVENTEEN,http://twitter.com/search?q=SEVENTEEN,SEVENTEEN,604519.0,2021-10-02 13:06:44.759519,Australia
Sharri,http://twitter.com/search?q=Sharri,Sharri,,2021-10-02 13:06:44.759519,Australia
Cavani,http://twitter.com/search?q=Cavani,Cavani,19950.0,2021-10-02 13:06:44.759519,Australia
incentivise,http://twitter.com/search?q=incentivise,incentivise,,2021-10-02 13:06:44.759519,Australia
Masked Crusader,http://twitter.com/search?q=%22Masked+Crusader%22,%22Masked+Crusader%22,,2021-10-02 13:06:44.759519,Australia
McTominay,http://twitter.com/search?q=McTominay,McTominay,,2021-10-02 13:06:44.759519,Australia
Howard,http://twitter.com/search?q=Howard,Howard,15112.0,2021-10-02 13:06:44.759519,Australia
Tim Pallas,http://twitter.com/search?q=%22Tim+Pallas%22,%22Tim+Pallas%22,,2021-10-02 13:06:44.759519,Australia
Opus,http://twitter.com/search?q=Opus,Opus,,2021-10-02 13:06:44.759519,Australia
Merck,http://twitter.com/search?q=Merck,Merck,100559.0,2021-10-02 13:06:44.759519,Australia
Barrie,http://twitter.com/search?q=Barrie,Barrie,,2021-10-02 13:06:44.759519,Australia
Ruby Princess,http://twitter.com/search?q=%22Ruby+Princess%22,%22Ruby+Princess%22,,2021-10-02 13:06:44.759519,Australia
Poland,http://twitter.com/search?q=Poland,Poland,17720.0,2021-10-02 13:06:44.759519,Australia
Private Eye,http://twitter.com/search?q=%22Private+Eye%22,%22Private+Eye%22,,2021-10-02 13:06:44.759519,Australia
Noble,http://twitter.com/search?q=Noble,Noble,29352.0,2021-10-02 13:06:44.759519,Australia
Kean,http://twitter.com/search?q=Kean,Kean,,2021-10-02 13:06:44.759519,Australia
Squid Game,http://twitter.com/search?q=%22Squid+Game%22,%22Squid+Game%22,484849.0,2021-10-02 13:06:44.759519,Australia
Wallabies,http://twitter.com/search?q=Wallabies,Wallabies,,2021-10-02 13:06:44.759519,Australia
never been kissed,http://twitter.com/search?q=%22never+been+kissed%22,%22never+been+kissed%22,,2021-10-02 13:06:44.759519,Australia
Daryl,http://twitter.com/search?q=Daryl,Daryl,,2021-10-02 13:06:44.759519,Australia
Pru Goward,http://twitter.com/search?q=%22Pru+Goward%22,%22Pru+Goward%22,,2021-10-02 13:06:44.759519,Australia
Julie Bishop,http://twitter.com/search?q=%22Julie+Bishop%22,%22Julie+Bishop%22,,2021-10-02 13:06:44.759519,Australia
icare,http://twitter.com/search?q=icare,icare,,2021-10-02 13:06:44.759519,Australia
Quarters,http://twitter.com/search?q=Quarters,Quarters,,2021-10-02 13:06:44.759519,Australia
#2OutForaBolsonaro,http://twitter.com/search?q=%232OutForaBolsonaro,%232OutForaBolsonaro,33370.0,2021-10-02 13:06:44.759519,Brazil
JEON JUNGKOOK,http://twitter.com/search?q=%22JEON+JUNGKOOK%22,%22JEON+JUNGKOOK%22,93439.0,2021-10-02 13:06:44.759519,Brazil
Martial,http://twitter.com/search?q=Martial,Martial,69522.0,2021-10-02 13:06:44.759519,Brazil
#BTSat2021TMA,http://twitter.com/search?q=%23BTSat2021TMA,%23BTSat2021TMA,807088.0,2021-10-02 13:06:44.759519,Brazil
#TMA2021,http://twitter.com/search?q=%23TMA2021,%23TMA2021,201291.0,2021-10-02 13:06:44.759519,Brazil
#TMA2021,http://twitter.com/search?q=%23TMA2021,%23TMA2021,201291.0,2021-10-02 13:06:44.759519,Brazil
Everton,http://twitter.com/search?q=Everton,Everton,78721.0,2021-10-02 13:06:44.759519,Brazil
Paradise City,http://twitter.com/search?q=%22Paradise+City%22,%22Paradise+City%22,11996.0,2021-10-02 13:06:44.759519,Brazil
#ESPNnoStarPlus,http://twitter.com/search?q=%23ESPNnoStarPlus,%23ESPNnoStarPlus,,2021-10-02 13:06:44.759519,Brazil
Townsend,http://twitter.com/search?q=Townsend,Townsend,21059.0,2021-10-02 13:06:44.759519,Brazil
eunwoo,http://twitter.com/search?q=eunwoo,eunwoo,27437.0,2021-10-02 13:06:44.759519,Brazil
O PIERCING É REAL,http://twitter.com/search?q=%22O+PIERCING+%C3%89+REAL%22,%22O+PIERCING+%C3%89+REAL%22,,2021-10-02 13:06:44.759519,Brazil
hyungsik,http://twitter.com/search?q=hyungsik,hyungsik,10679.0,2021-10-02 13:06:44.759519,Brazil
SEVENTEEN,http://twitter.com/search?q=SEVENTEEN,SEVENTEEN,607277.0,2021-10-02 13:06:44.759519,Brazil
Sancho,http://twitter.com/search?q=Sancho,Sancho,24049.0,2021-10-02 13:06:44.759519,Brazil
Roberto Carlos,http://twitter.com/search?q=%22Roberto+Carlos%22,%22Roberto+Carlos%22,,2021-10-02 13:06:44.759519,Brazil
Heechul,http://twitter.com/search?q=Heechul,Heechul,29436.0,2021-10-02 13:06:44.759519,Brazil
Kang Daniel,http://twitter.com/search?q=%22Kang+Daniel%22,%22Kang+Daniel%22,18874.0,2021-10-02 13:06:44.759519,Brazil
Super Junior,http://twitter.com/search?q=%22Super+Junior%22,%22Super+Junior%22,95101.0,2021-10-02 13:06:44.759519,Brazil
Red Lights,http://twitter.com/search?q=%22Red+Lights%22,%22Red+Lights%22,26854.0,2021-10-02 13:06:44.759519,Brazil
Jinjin,http://twitter.com/search?q=Jinjin,Jinjin,27590.0,2021-10-02 13:06:44.759519,Brazil
minghao,http://twitter.com/search?q=minghao,minghao,48170.0,2021-10-02 13:06:44.759519,Brazil
moonbin,http://twitter.com/search?q=moonbin,moonbin,17572.0,2021-10-02 13:06:44.759519,Brazil
Rosa Weber,http://twitter.com/search?q=%22Rosa+Weber%22,%22Rosa+Weber%22,,2021-10-02 13:06:44.759519,Brazil
BS&T,http://twitter.com/search?q=BS%26T,BS%26T,26032.0,2021-10-02 13:06:44.759519,Brazil
Laporta,http://twitter.com/search?q=Laporta,Laporta,23311.0,2021-10-02 13:06:44.759519,Brazil
Old Trafford,http://twitter.com/search?q=%22Old+Trafford%22,%22Old+Trafford%22,20316.0,2021-10-02 13:06:44.759519,Brazil
the boyz,http://twitter.com/search?q=%22the+boyz%22,%22the+boyz%22,165351.0,2021-10-02 13:06:44.759519,Brazil
Cavani,http://twitter.com/search?q=Cavani,Cavani,19969.0,2021-10-02 13:06:44.759519,Brazil
Aracaju,http://twitter.com/search?q=Aracaju,Aracaju,,2021-10-02 13:06:44.759519,Brazil
Louder Than Bombs,http://twitter.com/search?q=%22Louder+Than+Bombs%22,%22Louder+Than+Bombs%22,17594.0,2021-10-02 13:06:44.759519,Brazil
The Fact Music Awards,http://twitter.com/search?q=%22The+Fact+Music+Awards%22,%22The+Fact+Music+Awards%22,844108.0,2021-10-02 13:06:44.759519,Brazil
Solskjær,http://twitter.com/search?q=Solskj%C3%A6r,Solskj%C3%A6r,20808.0,2021-10-02 13:06:44.759519,Brazil
Lucas Viana,http://twitter.com/search?q=%22Lucas+Viana%22,%22Lucas+Viana%22,,2021-10-02 13:06:44.759519,Brazil
Rodrigo Hilbert,http://twitter.com/search?q=%22Rodrigo+Hilbert%22,%22Rodrigo+Hilbert%22,,2021-10-02 13:06:44.759519,Brazil
Cravity,http://twitter.com/search?q=Cravity,Cravity,98615.0,2021-10-02 13:06:44.759519,Brazil
BOY WITH LUV,http://twitter.com/search?q=%22BOY+WITH+LUV%22,%22BOY+WITH+LUV%22,21596.0,2021-10-02 13:06:44.759519,Brazil
sanha,http://twitter.com/search?q=sanha,sanha,21360.0,2021-10-02 13:06:44.759519,Brazil
Chan,http://twitter.com/search?q=Chan,Chan,331412.0,2021-10-02 13:06:44.759519,Brazil
FORA GENOCIDA,http://twitter.com/search?q=%22FORA+GENOCIDA%22,%22FORA+GENOCIDA%22,,2021-10-02 13:06:44.759519,Brazil
Donghae,http://twitter.com/search?q=Donghae,Donghae,41358.0,2021-10-02 13:06:44.759519,Brazil
Rocky,http://twitter.com/search?q=Rocky,Rocky,54307.0,2021-10-02 13:06:44.759519,Brazil
Hongjoong,http://twitter.com/search?q=Hongjoong,Hongjoong,62571.0,2021-10-02 13:06:44.759519,Brazil
"2,2 BILHÕES",http://twitter.com/search?q=%222%2C2+BILH%C3%95ES%22,%222%2C2+BILH%C3%95ES%22,,2021-10-02 13:06:44.759519,Brazil
Montanha,http://twitter.com/search?q=Montanha,Montanha,,2021-10-02 13:06:44.759519,Brazil
Lingard,http://twitter.com/search?q=Lingard,Lingard,,2021-10-02 13:06:44.759519,Brazil
red carpet,http://twitter.com/search?q=%22red+carpet%22,%22red+carpet%22,442310.0,2021-10-02 13:06:44.759519,Brazil
Valentino,http://twitter.com/search?q=Valentino,Valentino,25328.0,2021-10-02 13:06:44.759519,Brazil
Micaixa,http://twitter.com/search?q=Micaixa,Micaixa,,2021-10-02 13:06:44.759519,Brazil
Eternal Sunshine,http://twitter.com/search?q=%22Eternal+Sunshine%22,%22Eternal+Sunshine%22,103350.0,2021-10-02 13:06:44.759519,Brazil
#MUNEVE,http://twitter.com/search?q=%23MUNEVE,%23MUNEVE,69280.0,2021-10-02 13:06:44.759519,Canada
Martial,http://twitter.com/search?q=Martial,Martial,69462.0,2021-10-02 13:06:44.759519,Canada
Townsend,http://twitter.com/search?q=Townsend,Townsend,21456.0,2021-10-02 13:06:44.759519,Canada
Everton,http://twitter.com/search?q=Everton,Everton,78721.0,2021-10-02 13:06:44.759519,Canada
Tofino,http://twitter.com/search?q=Tofino,Tofino,16689.0,2021-10-02 13:06:44.759519,Canada
Ronaldo,http://twitter.com/search?q=Ronaldo,Ronaldo,137497.0,2021-10-02 13:06:44.759519,Canada
#ACToTheMagic,http://twitter.com/search?q=%23ACToTheMagic,%23ACToTheMagic,,2021-10-02 13:06:44.759519,Canada
Halloween,http://twitter.com/search?q=Halloween,Halloween,521915.0,2021-10-02 13:06:44.759519,Canada
#MUFC,http://twitter.com/search?q=%23MUFC,%23MUFC,92357.0,2021-10-02 13:06:44.759519,Canada
#SaturdayMorning,http://twitter.com/search?q=%23SaturdayMorning,%23SaturdayMorning,14358.0,2021-10-02 13:06:44.759519,Canada
jungkook,http://twitter.com/search?q=jungkook,jungkook,1247526.0,2021-10-02 13:06:44.759519,Canada
Indigenous,http://twitter.com/search?q=Indigenous,Indigenous,55999.0,2021-10-02 13:06:44.759519,Canada
Greenwood,http://twitter.com/search?q=Greenwood,Greenwood,21170.0,2021-10-02 13:06:44.759519,Canada
Gray,http://twitter.com/search?q=Gray,Gray,52308.0,2021-10-02 13:06:44.759519,Canada
#Caturday,http://twitter.com/search?q=%23Caturday,%23Caturday,11552.0,2021-10-02 13:06:44.759519,Canada
Sancho,http://twitter.com/search?q=Sancho,Sancho,24126.0,2021-10-02 13:06:44.759519,Canada
Doucoure,http://twitter.com/search?q=Doucoure,Doucoure,,2021-10-02 13:06:44.759519,Canada
Pickford,http://twitter.com/search?q=Pickford,Pickford,,2021-10-02 13:06:44.759519,Canada
Zenith,http://twitter.com/search?q=Zenith,Zenith,,2021-10-02 13:06:44.759519,Canada
Cavani,http://twitter.com/search?q=Cavani,Cavani,19969.0,2021-10-02 13:06:44.759519,Canada
Rondon,http://twitter.com/search?q=Rondon,Rondon,,2021-10-02 13:06:44.759519,Canada
Léger,http://twitter.com/search?q=L%C3%A9ger,L%C3%A9ger,,2021-10-02 13:06:44.759519,Canada
metrotown,http://twitter.com/search?q=metrotown,metrotown,,2021-10-02 13:06:44.759519,Canada
Old Trafford,http://twitter.com/search?q=%22Old+Trafford%22,%22Old+Trafford%22,20316.0,2021-10-02 13:06:44.759519,Canada
Shaw,http://twitter.com/search?q=Shaw,Shaw,19733.0,2021-10-02 13:06:44.759519,Canada
Matz,http://twitter.com/search?q=Matz,Matz,,2021-10-02 13:06:44.759519,Canada
McTominay,http://twitter.com/search?q=McTominay,McTominay,,2021-10-02 13:06:44.759519,Canada
Lindelof,http://twitter.com/search?q=Lindelof,Lindelof,,2021-10-02 13:06:44.759519,Canada
All or Nothing,http://twitter.com/search?q=%22All+or+Nothing%22,%22All+or+Nothing%22,,2021-10-02 13:06:44.759519,Canada
SEVENTEEN,http://twitter.com/search?q=SEVENTEEN,SEVENTEEN,607277.0,2021-10-02 13:06:44.759519,Canada
Kamloops,http://twitter.com/search?q=Kamloops,Kamloops,,2021-10-02 13:06:44.759519,Canada
Pogba,http://twitter.com/search?q=Pogba,Pogba,17736.0,2021-10-02 13:06:44.759519,Canada
Remembrance Day,http://twitter.com/search?q=%22Remembrance+Day%22,%22Remembrance+Day%22,,2021-10-02 13:06:44.759519,Canada
Meek,http://twitter.com/search?q=Meek,Meek,34851.0,2021-10-02 13:06:44.759519,Canada
ARTIST OF THE YEAR,http://twitter.com/search?q=%22ARTIST+OF+THE+YEAR%22,%22ARTIST+OF+THE+YEAR%22,542419.0,2021-10-02 13:06:44.759519,Canada
McFred,http://twitter.com/search?q=McFred,McFred,,2021-10-02 13:06:44.759519,Canada
Mariners,http://twitter.com/search?q=Mariners,Mariners,45132.0,2021-10-02 13:06:44.759519,Canada
Duncan Keith,http://twitter.com/search?q=%22Duncan+Keith%22,%22Duncan+Keith%22,,2021-10-02 13:06:44.759519,Canada
Alex Jones,http://twitter.com/search?q=%22Alex+Jones%22,%22Alex+Jones%22,50147.0,2021-10-02 13:06:44.759519,Canada
Merck,http://twitter.com/search?q=Merck,Merck,100648.0,2021-10-02 13:06:44.759519,Canada
jordan romano,http://twitter.com/search?q=%22jordan+romano%22,%22jordan+romano%22,,2021-10-02 13:06:44.759519,Canada
First Nations,http://twitter.com/search?q=%22First+Nations%22,%22First+Nations%22,,2021-10-02 13:06:44.759519,Canada
Les Québécois,http://twitter.com/search?q=%22Les+Qu%C3%A9b%C3%A9cois%22,%22Les+Qu%C3%A9b%C3%A9cois%22,,2021-10-02 13:06:44.759519,Canada
Squid Game,http://twitter.com/search?q=%22Squid+Game%22,%22Squid+Game%22,484849.0,2021-10-02 13:06:44.759519,Canada
Peter Nygard,http://twitter.com/search?q=%22Peter+Nygard%22,%22Peter+Nygard%22,,2021-10-02 13:06:44.759519,Canada
Varane,http://twitter.com/search?q=Varane,Varane,,2021-10-02 13:06:44.759519,Canada
Game Day,http://twitter.com/search?q=%22Game+Day%22,%22Game+Day%22,46863.0,2021-10-02 13:06:44.759519,Canada
Pettersson,http://twitter.com/search?q=Pettersson,Pettersson,,2021-10-02 13:06:44.759519,Canada
Manchester United,http://twitter.com/search?q=%22Manchester+United%22,%22Manchester+United%22,46233.0,2021-10-02 13:06:44.759519,Canada
Tony,http://twitter.com/search?q=Tony,Tony,87928.0,2021-10-02 13:06:44.759519,Canada
#MUNEVE,http://twitter.com/search?q=%23MUNEVE,%23MUNEVE,69061.0,2021-10-02 13:06:44.759519,France
Townsend,http://twitter.com/search?q=Townsend,Townsend,21456.0,2021-10-02 13:06:44.759519,France
Martial,http://twitter.com/search?q=Martial,Martial,69462.0,2021-10-02 13:06:44.759519,France
Everton,http://twitter.com/search?q=Everton,Everton,78721.0,2021-10-02 13:06:44.759519,France
#CampusMajo,http://twitter.com/search?q=%23CampusMajo,%23CampusMajo,,2021-10-02 13:06:44.759519,France
jungkook,http://twitter.com/search?q=jungkook,jungkook,1247526.0,2021-10-02 13:06:44.759519,France
#TMA2021,http://twitter.com/search?q=%23TMA2021,%23TMA2021,201291.0,2021-10-02 13:06:44.759519,France
Sancho,http://twitter.com/search?q=Sancho,Sancho,24049.0,2021-10-02 13:06:44.759519,France
#beINLigue2,http://twitter.com/search?q=%23beINLigue2,%23beINLigue2,,2021-10-02 13:06:44.759519,France
Bruno Fernandes,http://twitter.com/search?q=%22Bruno+Fernandes%22,%22Bruno+Fernandes%22,12027.0,2021-10-02 13:06:44.759519,France
Doucouré,http://twitter.com/search?q=Doucour%C3%A9,Doucour%C3%A9,,2021-10-02 13:06:44.759519,France
#Manifs2octobre,http://twitter.com/search?q=%23Manifs2octobre,%23Manifs2octobre,21891.0,2021-10-02 13:06:44.759519,France
Laporta,http://twitter.com/search?q=Laporta,Laporta,23359.0,2021-10-02 13:06:44.759519,France
Gray,http://twitter.com/search?q=Gray,Gray,52308.0,2021-10-02 13:06:44.759519,France
Greenwood,http://twitter.com/search?q=Greenwood,Greenwood,21219.0,2021-10-02 13:06:44.759519,France
Old Trafford,http://twitter.com/search?q=%22Old+Trafford%22,%22Old+Trafford%22,20316.0,2021-10-02 13:06:44.759519,France
Kang Daniel,http://twitter.com/search?q=%22Kang+Daniel%22,%22Kang+Daniel%22,18874.0,2021-10-02 13:06:44.759519,France
Michel Tubiana,http://twitter.com/search?q=%22Michel+Tubiana%22,%22Michel+Tubiana%22,,2021-10-02 13:06:44.759519,France
Shaw,http://twitter.com/search?q=Shaw,Shaw,19733.0,2021-10-02 13:06:44.759519,France
Jean-Marie Le Pen,http://twitter.com/search?q=%22Jean-Marie+Le+Pen%22,%22Jean-Marie+Le+Pen%22,,2021-10-02 13:06:44.759519,France
Cavani,http://twitter.com/search?q=Cavani,Cavani,19969.0,2021-10-02 13:06:44.759519,France
the boyz,http://twitter.com/search?q=%22the+boyz%22,%22the+boyz%22,165351.0,2021-10-02 13:06:44.759519,France
Varane,http://twitter.com/search?q=Varane,Varane,,2021-10-02 13:06:44.759519,France
SEVENTEEN,http://twitter.com/search?q=SEVENTEEN,SEVENTEEN,607277.0,2021-10-02 13:06:44.759519,France
Sergio Ramos,http://twitter.com/search?q=%22Sergio+Ramos%22,%22Sergio+Ramos%22,,2021-10-02 13:06:44.759519,France
Auxerre,http://twitter.com/search?q=Auxerre,Auxerre,,2021-10-02 13:06:44.759519,France
Van de Beek,http://twitter.com/search?q=%22Van+de+Beek%22,%22Van+de+Beek%22,17015.0,2021-10-02 13:06:44.759519,France
Samuel Paty,http://twitter.com/search?q=%22Samuel+Paty%22,%22Samuel+Paty%22,,2021-10-02 13:06:44.759519,France
Ten Hag,http://twitter.com/search?q=%22Ten+Hag%22,%22Ten+Hag%22,,2021-10-02 13:06:44.759519,France
Jour 2,http://twitter.com/search?q=%22Jour+2%22,%22Jour+2%22,,2021-10-02 13:06:44.759519,France
Ribbentrop,http://twitter.com/search?q=Ribbentrop,Ribbentrop,,2021-10-02 13:06:44.759519,France
Chan,http://twitter.com/search?q=Chan,Chan,331412.0,2021-10-02 13:06:44.759519,France
Enhypen,http://twitter.com/search?q=Enhypen,Enhypen,1515127.0,2021-10-02 13:06:44.759519,France
Stray Kids,http://twitter.com/search?q=%22Stray+Kids%22,%22Stray+Kids%22,462423.0,2021-10-02 13:06:44.759519,France
JMLP,http://twitter.com/search?q=JMLP,JMLP,,2021-10-02 13:06:44.759519,France
Lewandowski,http://twitter.com/search?q=Lewandowski,Lewandowski,12466.0,2021-10-02 13:06:44.759519,France
Kaiji,http://twitter.com/search?q=Kaiji,Kaiji,,2021-10-02 13:06:44.759519,France
Naulleau,http://twitter.com/search?q=Naulleau,Naulleau,12687.0,2021-10-02 13:06:44.759519,France
Lingard,http://twitter.com/search?q=Lingard,Lingard,,2021-10-02 13:06:44.759519,France
Belattar,http://twitter.com/search?q=Belattar,Belattar,16506.0,2021-10-02 13:06:44.759519,France
Mac Tyer,http://twitter.com/search?q=%22Mac+Tyer%22,%22Mac+Tyer%22,,2021-10-02 13:06:44.759519,France
Benalla,http://twitter.com/search?q=Benalla,Benalla,17162.0,2021-10-02 13:06:44.759519,France
CCIF,http://twitter.com/search?q=CCIF,CCIF,,2021-10-02 13:06:44.759519,France
hobi,http://twitter.com/search?q=hobi,hobi,123803.0,2021-10-02 13:06:44.759519,France
#BTSat2021TMA,http://twitter.com/search?q=%23BTSat2021TMA,%23BTSat2021TMA,807088.0,2021-10-02 13:06:44.759519,France
#ASCTFC,http://twitter.com/search?q=%23ASCTFC,%23ASCTFC,,2021-10-02 13:06:44.759519,France
#ATEEZxTMA,http://twitter.com/search?q=%23ATEEZxTMA,%23ATEEZxTMA,69948.0,2021-10-02 13:06:44.759519,France
#GiveawayAudi,http://twitter.com/search?q=%23GiveawayAudi,%23GiveawayAudi,,2021-10-02 13:06:44.759519,France
#RSAvNZL,http://twitter.com/search?q=%23RSAvNZL,%23RSAvNZL,11784.0,2021-10-02 13:06:44.759519,France
#pompiers,http://twitter.com/search?q=%23pompiers,%23pompiers,,2021-10-02 13:06:44.759519,France
#betze,http://twitter.com/search?q=%23betze,%23betze,,2021-10-02 13:06:44.759519,Germany
#comedypreis,http://twitter.com/search?q=%23comedypreis,%23comedypreis,,2021-10-02 13:06:44.759519,Germany
#MUNEVE,http://twitter.com/search?q=%23MUNEVE,%23MUNEVE,69061.0,2021-10-02 13:06:44.759519,Germany
jungkook,http://twitter.com/search?q=jungkook,jungkook,1247526.0,2021-10-02 13:06:44.759519,Germany
#Polizei110,http://twitter.com/search?q=%23Polizei110,%23Polizei110,,2021-10-02 13:06:44.759519,Germany
Martial,http://twitter.com/search?q=Martial,Martial,69522.0,2021-10-02 13:06:44.759519,Germany
#F95SCP,http://twitter.com/search?q=%23F95SCP,%23F95SCP,,2021-10-02 13:06:44.759519,Germany
Townsend,http://twitter.com/search?q=Townsend,Townsend,21456.0,2021-10-02 13:06:44.759519,Germany
Everton,http://twitter.com/search?q=Everton,Everton,78721.0,2021-10-02 13:06:44.759519,Germany
Tempolimit,http://twitter.com/search?q=Tempolimit,Tempolimit,,2021-10-02 13:06:44.759519,Germany
Schönen Samstag,http://twitter.com/search?q=%22Sch%C3%B6nen+Samstag%22,%22Sch%C3%B6nen+Samstag%22,,2021-10-02 13:06:44.759519,Germany
Halloween,http://twitter.com/search?q=Halloween,Halloween,521915.0,2021-10-02 13:06:44.759519,Germany
Maik,http://twitter.com/search?q=Maik,Maik,,2021-10-02 13:06:44.759519,Germany
Start ins Wochenende,http://twitter.com/search?q=%22Start+ins+Wochenende%22,%22Start+ins+Wochenende%22,,2021-10-02 13:06:44.759519,Germany
unschuldsvermutung,http://twitter.com/search?q=unschuldsvermutung,unschuldsvermutung,,2021-10-02 13:06:44.759519,Germany
Ronaldo,http://twitter.com/search?q=Ronaldo,Ronaldo,137497.0,2021-10-02 13:06:44.759519,Germany
Inflation,http://twitter.com/search?q=Inflation,Inflation,62509.0,2021-10-02 13:06:44.759519,Germany
Greenwood,http://twitter.com/search?q=Greenwood,Greenwood,21170.0,2021-10-02 13:06:44.759519,Germany
Maren Kroymann,http://twitter.com/search?q=%22Maren+Kroymann%22,%22Maren+Kroymann%22,,2021-10-02 13:06:44.759519,Germany
Wolf,http://twitter.com/search?q=Wolf,Wolf,84635.0,2021-10-02 13:06:44.759519,Germany
Sebastian Kurz,http://twitter.com/search?q=%22Sebastian+Kurz%22,%22Sebastian+Kurz%22,,2021-10-02 13:06:44.759519,Germany
Herausforderungen,http://twitter.com/search?q=Herausforderungen,Herausforderungen,,2021-10-02 13:06:44.759519,Germany
brinkmann,http://twitter.com/search?q=brinkmann,brinkmann,,2021-10-02 13:06:44.759519,Germany
Frau Chebli,http://twitter.com/search?q=%22Frau+Chebli%22,%22Frau+Chebli%22,,2021-10-02 13:06:44.759519,Germany
ARTIST OF THE YEAR,http://twitter.com/search?q=%22ARTIST+OF+THE+YEAR%22,%22ARTIST+OF+THE+YEAR%22,542419.0,2021-10-02 13:06:44.759519,Germany
schönen freitag,http://twitter.com/search?q=%22sch%C3%B6nen+freitag%22,%22sch%C3%B6nen+freitag%22,,2021-10-02 13:06:44.759519,Germany
Football Families,http://twitter.com/search?q=%22Football+Families%22,%22Football+Families%22,,2021-10-02 13:06:44.759519,Germany
McTominay,http://twitter.com/search?q=McTominay,McTominay,,2021-10-02 13:06:44.759519,Germany
Herr Beermann,http://twitter.com/search?q=%22Herr+Beermann%22,%22Herr+Beermann%22,,2021-10-02 13:06:44.759519,Germany
Raucher,http://twitter.com/search?q=Raucher,Raucher,,2021-10-02 13:06:44.759519,Germany
Neuaufstellung der CDU,http://twitter.com/search?q=%22Neuaufstellung+der+CDU%22,%22Neuaufstellung+der+CDU%22,,2021-10-02 13:06:44.759519,Germany
Bond,http://twitter.com/search?q=Bond,Bond,104269.0,2021-10-02 13:06:44.759519,Germany
kabinette,http://twitter.com/search?q=kabinette,kabinette,,2021-10-02 13:06:44.759519,Germany
Shaw,http://twitter.com/search?q=Shaw,Shaw,19733.0,2021-10-02 13:06:44.759519,Germany
Chan,http://twitter.com/search?q=Chan,Chan,331412.0,2021-10-02 13:06:44.759519,Germany
Cavani,http://twitter.com/search?q=Cavani,Cavani,19969.0,2021-10-02 13:06:44.759519,Germany
Alex,http://twitter.com/search?q=Alex,Alex,241063.0,2021-10-02 13:06:44.759519,Germany
samstagmorgen,http://twitter.com/search?q=samstagmorgen,samstagmorgen,,2021-10-02 13:06:44.759519,Germany
impfarzt,http://twitter.com/search?q=impfarzt,impfarzt,,2021-10-02 13:06:44.759519,Germany
Wahlkreis gegen eine Frau,http://twitter.com/search?q=%22Wahlkreis+gegen+eine+Frau%22,%22Wahlkreis+gegen+eine+Frau%22,,2021-10-02 13:06:44.759519,Germany
Preise,http://twitter.com/search?q=Preise,Preise,,2021-10-02 13:06:44.759519,Germany
Anschläge auf Migranten,http://twitter.com/search?q=%22Anschl%C3%A4ge+auf+Migranten%22,%22Anschl%C3%A4ge+auf+Migranten%22,,2021-10-02 13:06:44.759519,Germany
Spahn,http://twitter.com/search?q=Spahn,Spahn,,2021-10-02 13:06:44.759519,Germany
Familienpolitiker,http://twitter.com/search?q=Familienpolitiker,Familienpolitiker,,2021-10-02 13:06:44.759519,Germany
Dad - Gladbach,http://twitter.com/search?q=%22Dad+-+Gladbach%22,%22Dad+-+Gladbach%22,,2021-10-02 13:06:44.759519,Germany
autobahnen,http://twitter.com/search?q=autobahnen,autobahnen,,2021-10-02 13:06:44.759519,Germany
Britische Regierung,http://twitter.com/search?q=%22Britische+Regierung%22,%22Britische+Regierung%22,,2021-10-02 13:06:44.759519,Germany
Masken,http://twitter.com/search?q=Masken,Masken,,2021-10-02 13:06:44.759519,Germany
Happy Independence,http://twitter.com/search?q=%22Happy+Independence%22,%22Happy+Independence%22,35832.0,2021-10-02 13:06:44.759519,Germany
Ritter,http://twitter.com/search?q=Ritter,Ritter,,2021-10-02 13:06:44.759519,Germany
#MIvsDC,http://twitter.com/search?q=%23MIvsDC,%23MIvsDC,,2021-10-02 13:06:44.759519,India
#MUNEVE,http://twitter.com/search?q=%23MUNEVE,%23MUNEVE,69280.0,2021-10-02 13:06:44.759519,India
#RRROnJan7th,http://twitter.com/search?q=%23RRROnJan7th,%23RRROnJan7th,45761.0,2021-10-02 13:06:44.759519,India
Martial,http://twitter.com/search?q=Martial,Martial,69522.0,2021-10-02 13:06:44.759519,India
#WithPK,http://twitter.com/search?q=%23WithPK,%23WithPK,14330.0,2021-10-02 13:06:44.759519,India
Townsend,http://twitter.com/search?q=Townsend,Townsend,21456.0,2021-10-02 13:06:44.759519,India
#RRRMovie,http://twitter.com/search?q=%23RRRMovie,%23RRRMovie,76643.0,2021-10-02 13:06:44.759519,India
jungkook,http://twitter.com/search?q=jungkook,jungkook,1247526.0,2021-10-02 13:06:44.759519,India
Everton,http://twitter.com/search?q=Everton,Everton,78721.0,2021-10-02 13:06:44.759519,India
Avesh Khan,http://twitter.com/search?q=%22Avesh+Khan%22,%22Avesh+Khan%22,,2021-10-02 13:06:44.759519,India
FIERY UMAR RIAZ IN BB15,http://twitter.com/search?q=%22FIERY+UMAR+RIAZ+IN+BB15%22,%22FIERY+UMAR+RIAZ+IN+BB15%22,90064.0,2021-10-02 13:06:44.759519,India
SAAKK DESERVES S2,http://twitter.com/search?q=%22SAAKK+DESERVES+S2%22,%22SAAKK+DESERVES+S2%22,11225.0,2021-10-02 13:06:44.759519,India
Krunal Pandya,http://twitter.com/search?q=%22Krunal+Pandya%22,%22Krunal+Pandya%22,,2021-10-02 13:06:44.759519,India
BLOCKBUSTER WAR TURNS TWO,http://twitter.com/search?q=%22BLOCKBUSTER+WAR+TURNS+TWO%22,%22BLOCKBUSTER+WAR+TURNS+TWO%22,,2021-10-02 13:06:44.759519,India
Pant,http://twitter.com/search?q=Pant,Pant,,2021-10-02 13:06:44.759519,India
Jai NTR,http://twitter.com/search?q=%22Jai+NTR%22,%22Jai+NTR%22,,2021-10-02 13:06:44.759519,India
ITS REAL,http://twitter.com/search?q=%22ITS+REAL%22,%22ITS+REAL%22,22928.0,2021-10-02 13:06:44.759519,India
Shaw,http://twitter.com/search?q=Shaw,Shaw,19733.0,2021-10-02 13:06:44.759519,India
ARTIST OF THE YEAR,http://twitter.com/search?q=%22ARTIST+OF+THE+YEAR%22,%22ARTIST+OF+THE+YEAR%22,542419.0,2021-10-02 13:06:44.759519,India
Cavani,http://twitter.com/search?q=Cavani,Cavani,19969.0,2021-10-02 13:06:44.759519,India
Godse,http://twitter.com/search?q=Godse,Godse,59177.0,2021-10-02 13:06:44.759519,India
India's Biggest Action Drama,http://twitter.com/search?q=%22India%27s+Biggest+Action+Drama%22,%22India%27s+Biggest+Action+Drama%22,27484.0,2021-10-02 13:06:44.759519,India
Gray,http://twitter.com/search?q=Gray,Gray,52415.0,2021-10-02 13:06:44.759519,India
केजरीवाल जयंती,http://twitter.com/search?q=%22%E0%A4%95%E0%A5%87%E0%A4%9C%E0%A4%B0%E0%A5%80%E0%A4%B5%E0%A4%BE%E0%A4%B2+%E0%A4%9C%E0%A4%AF%E0%A4%82%E0%A4%A4%E0%A5%80%22,%22%E0%A4%95%E0%A5%87%E0%A4%9C%E0%A4%B0%E0%A5%80%E0%A4%B5%E0%A4%BE%E0%A4%B2+%E0%A4%9C%E0%A4%AF%E0%A4%82%E0%A4%A4%E0%A5%80%22,,2021-10-02 13:06:44.759519,India
Steve Smith,http://twitter.com/search?q=%22Steve+Smith%22,%22Steve+Smith%22,,2021-10-02 13:06:44.759519,India
McFred,http://twitter.com/search?q=McFred,McFred,,2021-10-02 13:06:44.759519,India
Axar Patel,http://twitter.com/search?q=%22Axar+Patel%22,%22Axar+Patel%22,,2021-10-02 13:06:44.759519,India
BOY WITH LUV,http://twitter.com/search?q=%22BOY+WITH+LUV%22,%22BOY+WITH+LUV%22,21635.0,2021-10-02 13:06:44.759519,India
महात्मा गांधी,http://twitter.com/search?q=%22%E0%A4%AE%E0%A4%B9%E0%A4%BE%E0%A4%A4%E0%A5%8D%E0%A4%AE%E0%A4%BE+%E0%A4%97%E0%A4%BE%E0%A4%82%E0%A4%A7%E0%A5%80%22,%22%E0%A4%AE%E0%A4%B9%E0%A4%BE%E0%A4%A4%E0%A5%8D%E0%A4%AE%E0%A4%BE+%E0%A4%97%E0%A4%BE%E0%A4%82%E0%A4%A7%E0%A5%80%22,185018.0,2021-10-02 13:06:44.759519,India
Reddy,http://twitter.com/search?q=Reddy,Reddy,10909.0,2021-10-02 13:06:44.759519,India
Bapu,http://twitter.com/search?q=Bapu,Bapu,48930.0,2021-10-02 13:06:44.759519,India
Rabada,http://twitter.com/search?q=Rabada,Rabada,,2021-10-02 13:06:44.759519,India
Satyagraha 4 Sushant,http://twitter.com/search?q=%22Satyagraha+4+Sushant%22,%22Satyagraha+4+Sushant%22,72176.0,2021-10-02 13:06:44.759519,India
Khadi,http://twitter.com/search?q=Khadi,Khadi,12787.0,2021-10-02 13:06:44.759519,India
LIP PIERCING,http://twitter.com/search?q=%22LIP+PIERCING%22,%22LIP+PIERCING%22,230497.0,2021-10-02 13:06:44.759519,India
Laporta,http://twitter.com/search?q=Laporta,Laporta,23359.0,2021-10-02 13:06:44.759519,India
Redmi,http://twitter.com/search?q=Redmi,Redmi,,2021-10-02 13:06:44.759519,India
TAEHYUNG AT TMA,http://twitter.com/search?q=%22TAEHYUNG+AT+TMA%22,%22TAEHYUNG+AT+TMA%22,105545.0,2021-10-02 13:06:44.759519,India
Louder Than Bombs,http://twitter.com/search?q=%22Louder+Than+Bombs%22,%22Louder+Than+Bombs%22,17594.0,2021-10-02 13:06:44.759519,India
vmin,http://twitter.com/search?q=vmin,vmin,34873.0,2021-10-02 13:06:44.759519,India
Lindelof,http://twitter.com/search?q=Lindelof,Lindelof,,2021-10-02 13:06:44.759519,India
PRATIK WILL ACE BB15,http://twitter.com/search?q=%22PRATIK+WILL+ACE+BB15%22,%22PRATIK+WILL+ACE+BB15%22,276857.0,2021-10-02 13:06:44.759519,India
लाल बहादुर शास्त्री,http://twitter.com/search?q=%22%E0%A4%B2%E0%A4%BE%E0%A4%B2+%E0%A4%AC%E0%A4%B9%E0%A4%BE%E0%A4%A6%E0%A5%81%E0%A4%B0+%E0%A4%B6%E0%A4%BE%E0%A4%B8%E0%A5%8D%E0%A4%A4%E0%A5%8D%E0%A4%B0%E0%A5%80%22,%22%E0%A4%B2%E0%A4%BE%E0%A4%B2+%E0%A4%AC%E0%A4%B9%E0%A4%BE%E0%A4%A6%E0%A5%81%E0%A4%B0+%E0%A4%B6%E0%A4%BE%E0%A4%B8%E0%A5%8D%E0%A4%A4%E0%A5%8D%E0%A4%B0%E0%A5%80%22,250388.0,2021-10-02 13:06:44.759519,India
Jal Jeevan Mission,http://twitter.com/search?q=%22Jal+Jeevan+Mission%22,%22Jal+Jeevan+Mission%22,,2021-10-02 13:06:44.759519,India
#ChaySam,http://twitter.com/search?q=%23ChaySam,%23ChaySam,,2021-10-02 13:06:44.759519,India
#RRRMoive,http://twitter.com/search?q=%23RRRMoive,%23RRRMoive,,2021-10-02 13:06:44.759519,India
#komarambheemntr,http://twitter.com/search?q=%23komarambheemntr,%23komarambheemntr,25349.0,2021-10-02 13:06:44.759519,India
#DCvsMI,http://twitter.com/search?q=%23DCvsMI,%23DCvsMI,,2021-10-02 13:06:44.759519,India
#Samantha,http://twitter.com/search?q=%23Samantha,%23Samantha,,2021-10-02 13:06:44.759519,India
#GandhiJayanti,http://twitter.com/search?q=%23GandhiJayanti,%23GandhiJayanti,250660.0,2021-10-02 13:06:44.759519,India
#2ottobre,http://twitter.com/search?q=%232ottobre,%232ottobre,,2021-10-02 13:06:44.759519,Italy
#festadeinonni,http://twitter.com/search?q=%23festadeinonni,%23festadeinonni,,2021-10-02 13:06:44.759519,Italy
#FratellidItalia,http://twitter.com/search?q=%23FratellidItalia,%23FratellidItalia,11281.0,2021-10-02 13:06:44.759519,Italy
#scenedaunmatrimonio,http://twitter.com/search?q=%23scenedaunmatrimonio,%23scenedaunmatrimonio,,2021-10-02 13:06:44.759519,Italy
#FanPage,http://twitter.com/search?q=%23FanPage,%23FanPage,,2021-10-02 13:06:44.759519,Italy
jungkook,http://twitter.com/search?q=jungkook,jungkook,1247526.0,2021-10-02 13:06:44.759519,Italy
Soleil,http://twitter.com/search?q=Soleil,Soleil,49292.0,2021-10-02 13:06:44.759519,Italy
Carofiglio,http://twitter.com/search?q=Carofiglio,Carofiglio,,2021-10-02 13:06:44.759519,Italy
Capalbio,http://twitter.com/search?q=Capalbio,Capalbio,,2021-10-02 13:06:44.759519,Italy
Alfonso,http://twitter.com/search?q=Alfonso,Alfonso,16081.0,2021-10-02 13:06:44.759519,Italy
Ainett,http://twitter.com/search?q=Ainett,Ainett,,2021-10-02 13:06:44.759519,Italy
Mingi,http://twitter.com/search?q=Mingi,Mingi,35799.0,2021-10-02 13:06:44.759519,Italy
Kang Daniel,http://twitter.com/search?q=%22Kang+Daniel%22,%22Kang+Daniel%22,18874.0,2021-10-02 13:06:44.759519,Italy
Halloween,http://twitter.com/search?q=Halloween,Halloween,521624.0,2021-10-02 13:06:44.759519,Italy
ARTIST OF THE YEAR,http://twitter.com/search?q=%22ARTIST+OF+THE+YEAR%22,%22ARTIST+OF+THE+YEAR%22,542419.0,2021-10-02 13:06:44.759519,Italy
Morisi,http://twitter.com/search?q=Morisi,Morisi,,2021-10-02 13:06:44.759519,Italy
Samy,http://twitter.com/search?q=Samy,Samy,12494.0,2021-10-02 13:06:44.759519,Italy
Kaio,http://twitter.com/search?q=Kaio,Kaio,,2021-10-02 13:06:44.759519,Italy
Riace,http://twitter.com/search?q=Riace,Riace,,2021-10-02 13:06:44.759519,Italy
Ridge,http://twitter.com/search?q=Ridge,Ridge,,2021-10-02 13:06:44.759519,Italy
Nardò,http://twitter.com/search?q=Nard%C3%B2,Nard%C3%B2,,2021-10-02 13:06:44.759519,Italy
Seonghwa,http://twitter.com/search?q=Seonghwa,Seonghwa,51271.0,2021-10-02 13:06:44.759519,Italy
Piazza del Popolo,http://twitter.com/search?q=%22Piazza+del+Popolo%22,%22Piazza+del+Popolo%22,,2021-10-02 13:06:44.759519,Italy
Signorini,http://twitter.com/search?q=Signorini,Signorini,,2021-10-02 13:06:44.759519,Italy
biagio izzo,http://twitter.com/search?q=%22biagio+izzo%22,%22biagio+izzo%22,,2021-10-02 13:06:44.759519,Italy
Brooke,http://twitter.com/search?q=Brooke,Brooke,,2021-10-02 13:06:44.759519,Italy
Angeli Custodi,http://twitter.com/search?q=%22Angeli+Custodi%22,%22Angeli+Custodi%22,,2021-10-02 13:06:44.759519,Italy
SEVENTEEN,http://twitter.com/search?q=SEVENTEEN,SEVENTEEN,607277.0,2021-10-02 13:06:44.759519,Italy
Bella Ciao,http://twitter.com/search?q=%22Bella+Ciao%22,%22Bella+Ciao%22,,2021-10-02 13:06:44.759519,Italy
L'oscura,http://twitter.com/search?q=L%27oscura,L%27oscura,,2021-10-02 13:06:44.759519,Italy
Nicola,http://twitter.com/search?q=Nicola,Nicola,19506.0,2021-10-02 13:06:44.759519,Italy
Deja Vu,http://twitter.com/search?q=%22Deja+Vu%22,%22Deja+Vu%22,43938.0,2021-10-02 13:06:44.759519,Italy
Merck,http://twitter.com/search?q=Merck,Merck,100559.0,2021-10-02 13:06:44.759519,Italy
Katie,http://twitter.com/search?q=Katie,Katie,19784.0,2021-10-02 13:06:44.759519,Italy
Piero,http://twitter.com/search?q=Piero,Piero,,2021-10-02 13:06:44.759519,Italy
Trieste,http://twitter.com/search?q=Trieste,Trieste,23394.0,2021-10-02 13:06:44.759519,Italy
hoseok,http://twitter.com/search?q=hoseok,hoseok,189468.0,2021-10-02 13:06:44.759519,Italy
Locri,http://twitter.com/search?q=Locri,Locri,,2021-10-02 13:06:44.759519,Italy
Squid Game,http://twitter.com/search?q=%22Squid+Game%22,%22Squid+Game%22,484849.0,2021-10-02 13:06:44.759519,Italy
Salmo,http://twitter.com/search?q=Salmo,Salmo,,2021-10-02 13:06:44.759519,Italy
Led Zeppelin,http://twitter.com/search?q=%22Led+Zeppelin%22,%22Led+Zeppelin%22,,2021-10-02 13:06:44.759519,Italy
Alex,http://twitter.com/search?q=Alex,Alex,241063.0,2021-10-02 13:06:44.759519,Italy
Almirante,http://twitter.com/search?q=Almirante,Almirante,,2021-10-02 13:06:44.759519,Italy
Tammy,http://twitter.com/search?q=Tammy,Tammy,,2021-10-02 13:06:44.759519,Italy
Verdone,http://twitter.com/search?q=Verdone,Verdone,,2021-10-02 13:06:44.759519,Italy
Cirinnà,http://twitter.com/search?q=Cirinn%C3%A0,Cirinn%C3%A0,,2021-10-02 13:06:44.759519,Italy
Real Time,http://twitter.com/search?q=%22Real+Time%22,%22Real+Time%22,49468.0,2021-10-02 13:06:44.759519,Italy
Itzy,http://twitter.com/search?q=Itzy,Itzy,202123.0,2021-10-02 13:06:44.759519,Italy
Enhypen,http://twitter.com/search?q=Enhypen,Enhypen,1515127.0,2021-10-02 13:06:44.759519,Italy
Demi Lovato,http://twitter.com/search?q=%22Demi+Lovato%22,%22Demi+Lovato%22,,2021-10-02 13:06:44.759519,Italy
Саакашвили,http://twitter.com/search?q=%D0%A1%D0%B0%D0%B0%D0%BA%D0%B0%D1%88%D0%B2%D0%B8%D0%BB%D0%B8,%D0%A1%D0%B0%D0%B0%D0%BA%D0%B0%D1%88%D0%B2%D0%B8%D0%BB%D0%B8,12998.0,2021-10-02 13:06:44.759519,Ukraine
Грузии,http://twitter.com/search?q=%D0%93%D1%80%D1%83%D0%B7%D0%B8%D0%B8,%D0%93%D1%80%D1%83%D0%B7%D0%B8%D0%B8,,2021-10-02 13:06:44.759519,Ukraine
#inktober2021,http://twitter.com/search?q=%23inktober2021,%23inktober2021,48751.0,2021-10-02 13:06:44.759519,Ukraine
#Rihanna,http://twitter.com/search?q=%23Rihanna,%23Rihanna,,2021-10-02 13:06:44.759519,Ukraine
#BTSat2021TMA,http://twitter.com/search?q=%23BTSat2021TMA,%23BTSat2021TMA,807088.0,2021-10-02 13:06:44.759519,Ukraine
#theSimsУкраїнською,http://twitter.com/search?q=%23theSims%D0%A3%D0%BA%D1%80%D0%B0%D1%97%D0%BD%D1%81%D1%8C%D0%BA%D0%BE%D1%8E,%23theSims%D0%A3%D0%BA%D1%80%D0%B0%D1%97%D0%BD%D1%81%D1%8C%D0%BA%D0%BE%D1%8E,,2021-10-02 13:06:44.759519,Ukraine
#ellendegeneres,http://twitter.com/search?q=%23ellendegeneres,%23ellendegeneres,,2021-10-02 13:06:44.759519,Ukraine
jungkook,http://twitter.com/search?q=jungkook,jungkook,1215959.0,2021-10-02 13:06:44.759519,Ukraine
Михо,http://twitter.com/search?q=%D0%9C%D0%B8%D1%85%D0%BE,%D0%9C%D0%B8%D1%85%D0%BE,,2021-10-02 13:06:44.759519,Ukraine
Greek,http://twitter.com/search?q=Greek,Greek,28300.0,2021-10-02 13:06:44.759519,Ukraine
Трускавце,http://twitter.com/search?q=%D0%A2%D1%80%D1%83%D1%81%D0%BA%D0%B0%D0%B2%D1%86%D0%B5,%D0%A2%D1%80%D1%83%D1%81%D0%BA%D0%B0%D0%B2%D1%86%D0%B5,,2021-10-02 13:06:44.759519,Ukraine
Halloween,http://twitter.com/search?q=Halloween,Halloween,521915.0,2021-10-02 13:06:44.759519,Ukraine
Adele,http://twitter.com/search?q=Adele,Adele,59715.0,2021-10-02 13:06:44.759519,Ukraine
Здоровья,http://twitter.com/search?q=%D0%97%D0%B4%D0%BE%D1%80%D0%BE%D0%B2%D1%8C%D1%8F,%D0%97%D0%B4%D0%BE%D1%80%D0%BE%D0%B2%D1%8C%D1%8F,,2021-10-02 13:06:44.759519,Ukraine
Чонгука,http://twitter.com/search?q=%D0%A7%D0%BE%D0%BD%D0%B3%D1%83%D0%BA%D0%B0,%D0%A7%D0%BE%D0%BD%D0%B3%D1%83%D0%BA%D0%B0,,2021-10-02 13:06:44.759519,Ukraine
Беларусь,http://twitter.com/search?q=%D0%91%D0%B5%D0%BB%D0%B0%D1%80%D1%83%D1%81%D1%8C,%D0%91%D0%B5%D0%BB%D0%B0%D1%80%D1%83%D1%81%D1%8C,,2021-10-02 13:06:44.759519,Ukraine
Трускавец,http://twitter.com/search?q=%D0%A2%D1%80%D1%83%D1%81%D0%BA%D0%B0%D0%B2%D0%B5%D1%86,%D0%A2%D1%80%D1%83%D1%81%D0%BA%D0%B0%D0%B2%D0%B5%D1%86,,2021-10-02 13:06:44.759519,Ukraine
Amazon,http://twitter.com/search?q=Amazon,Amazon,748515.0,2021-10-02 13:06:44.759519,Ukraine
Приятного,http://twitter.com/search?q=%D0%9F%D1%80%D0%B8%D1%8F%D1%82%D0%BD%D0%BE%D0%B3%D0%BE,%D0%9F%D1%80%D0%B8%D1%8F%D1%82%D0%BD%D0%BE%D0%B3%D0%BE,,2021-10-02 13:06:44.759519,Ukraine
разумкова,http://twitter.com/search?q=%D1%80%D0%B0%D0%B7%D1%83%D0%BC%D0%BA%D0%BE%D0%B2%D0%B0,%D1%80%D0%B0%D0%B7%D1%83%D0%BC%D0%BA%D0%BE%D0%B2%D0%B0,,2021-10-02 13:06:44.759519,Ukraine
German,http://twitter.com/search?q=German,German,46639.0,2021-10-02 13:06:44.759519,Ukraine
Посмотри,http://twitter.com/search?q=%D0%9F%D0%BE%D1%81%D0%BC%D0%BE%D1%82%D1%80%D0%B8,%D0%9F%D0%BE%D1%81%D0%BC%D0%BE%D1%82%D1%80%D0%B8,,2021-10-02 13:06:44.759519,Ukraine
Отлично,http://twitter.com/search?q=%D0%9E%D1%82%D0%BB%D0%B8%D1%87%D0%BD%D0%BE,%D0%9E%D1%82%D0%BB%D0%B8%D1%87%D0%BD%D0%BE,,2021-10-02 13:06:44.759519,Ukraine
Великобритании,http://twitter.com/search?q=%D0%92%D0%B5%D0%BB%D0%B8%D0%BA%D0%BE%D0%B1%D1%80%D0%B8%D1%82%D0%B0%D0%BD%D0%B8%D0%B8,%D0%92%D0%B5%D0%BB%D0%B8%D0%BA%D0%BE%D0%B1%D1%80%D0%B8%D1%82%D0%B0%D0%BD%D0%B8%D0%B8,,2021-10-02 13:06:44.759519,Ukraine
Попробуй,http://twitter.com/search?q=%D0%9F%D0%BE%D0%BF%D1%80%D0%BE%D0%B1%D1%83%D0%B9,%D0%9F%D0%BE%D0%BF%D1%80%D0%BE%D0%B1%D1%83%D0%B9,,2021-10-02 13:06:44.759519,Ukraine
Buhari,http://twitter.com/search?q=Buhari,Buhari,30806.0,2021-10-02 13:06:44.759519,Ukraine
Понятно,http://twitter.com/search?q=%D0%9F%D0%BE%D0%BD%D1%8F%D1%82%D0%BD%D0%BE,%D0%9F%D0%BE%D0%BD%D1%8F%D1%82%D0%BD%D0%BE,,2021-10-02 13:06:44.759519,Ukraine
Ху Тао,http://twitter.com/search?q=%22%D0%A5%D1%83+%D0%A2%D0%B0%D0%BE%22,%22%D0%A5%D1%83+%D0%A2%D0%B0%D0%BE%22,,2021-10-02 13:06:44.759519,Ukraine
bella hadid,http://twitter.com/search?q=%22bella+hadid%22,%22bella+hadid%22,,2021-10-02 13:06:44.759519,Ukraine
Красота,http://twitter.com/search?q=%D0%9A%D1%80%D0%B0%D1%81%D0%BE%D1%82%D0%B0,%D0%9A%D1%80%D0%B0%D1%81%D0%BE%D1%82%D0%B0,,2021-10-02 13:06:44.759519,Ukraine
Thomas,http://twitter.com/search?q=Thomas,Thomas,85042.0,2021-10-02 13:06:44.759519,Ukraine
В России,http://twitter.com/search?q=%22%D0%92+%D0%A0%D0%BE%D1%81%D1%81%D0%B8%D0%B8%22,%22%D0%92+%D0%A0%D0%BE%D1%81%D1%81%D0%B8%D0%B8%22,16027.0,2021-10-02 13:06:44.759519,Ukraine
Харькове,http://twitter.com/search?q=%D0%A5%D0%B0%D1%80%D1%8C%D0%BA%D0%BE%D0%B2%D0%B5,%D0%A5%D0%B0%D1%80%D1%8C%D0%BA%D0%BE%D0%B2%D0%B5,,2021-10-02 13:06:44.759519,Ukraine
Украину,http://twitter.com/search?q=%D0%A3%D0%BA%D1%80%D0%B0%D0%B8%D0%BD%D1%83,%D0%A3%D0%BA%D1%80%D0%B0%D0%B8%D0%BD%D1%83,,2021-10-02 13:06:44.759519,Ukraine
ДОБРОЕ УТРО,http://twitter.com/search?q=%22%D0%94%D0%9E%D0%91%D0%A0%D0%9E%D0%95+%D0%A3%D0%A2%D0%A0%D0%9E%22,%22%D0%94%D0%9E%D0%91%D0%A0%D0%9E%D0%95+%D0%A3%D0%A2%D0%A0%D0%9E%22,,2021-10-02 13:06:44.759519,Ukraine
Надеюсь,http://twitter.com/search?q=%D0%9D%D0%B0%D0%B4%D0%B5%D1%8E%D1%81%D1%8C,%D0%9D%D0%B0%D0%B4%D0%B5%D1%8E%D1%81%D1%8C,10674.0,2021-10-02 13:06:44.759519,Ukraine
Spotify,http://twitter.com/search?q=Spotify,Spotify,753280.0,2021-10-02 13:06:44.759519,Ukraine
Красивая,http://twitter.com/search?q=%D0%9A%D1%80%D0%B0%D1%81%D0%B8%D0%B2%D0%B0%D1%8F,%D0%9A%D1%80%D0%B0%D1%81%D0%B8%D0%B2%D0%B0%D1%8F,,2021-10-02 13:06:44.759519,Ukraine
NFTs,http://twitter.com/search?q=NFTs,NFTs,423962.0,2021-10-02 13:06:44.759519,Ukraine
Лукашенко,http://twitter.com/search?q=%D0%9B%D1%83%D0%BA%D0%B0%D1%88%D0%B5%D0%BD%D0%BA%D0%BE,%D0%9B%D1%83%D0%BA%D0%B0%D1%88%D0%B5%D0%BD%D0%BA%D0%BE,,2021-10-02 13:06:44.759519,Ukraine
Turkey,http://twitter.com/search?q=Turkey,Turkey,64071.0,2021-10-02 13:06:44.759519,Ukraine
желаю,http://twitter.com/search?q=%D0%B6%D0%B5%D0%BB%D0%B0%D1%8E,%D0%B6%D0%B5%D0%BB%D0%B0%D1%8E,,2021-10-02 13:06:44.759519,Ukraine
Кокоми,http://twitter.com/search?q=%D0%9A%D0%BE%D0%BA%D0%BE%D0%BC%D0%B8,%D0%9A%D0%BE%D0%BA%D0%BE%D0%BC%D0%B8,,2021-10-02 13:06:44.759519,Ukraine
Apple,http://twitter.com/search?q=Apple,Apple,431392.0,2021-10-02 13:06:44.759519,Ukraine
To-do,http://twitter.com/search?q=To-do,To-do,,2021-10-02 13:06:44.759519,Ukraine
Скажи,http://twitter.com/search?q=%D0%A1%D0%BA%D0%B0%D0%B6%D0%B8,%D0%A1%D0%BA%D0%B0%D0%B6%D0%B8,,2021-10-02 13:06:44.759519,Ukraine
America,http://twitter.com/search?q=America,America,342558.0,2021-10-02 13:06:44.759519,Ukraine
в киеве,http://twitter.com/search?q=%22%D0%B2+%D0%BA%D0%B8%D0%B5%D0%B2%D0%B5%22,%22%D0%B2+%D0%BA%D0%B8%D0%B5%D0%B2%D0%B5%22,,2021-10-02 13:06:44.759519,Ukraine
Australia,http://twitter.com/search?q=Australia,Australia,169377.0,2021-10-02 13:06:44.759519,Ukraine
Часть 1,http://twitter.com/search?q=%22%D0%A7%D0%B0%D1%81%D1%82%D1%8C+1%22,%22%D0%A7%D0%B0%D1%81%D1%82%D1%8C+1%22,,2021-10-02 13:06:44.759519,Ukraine
#BTSat2021TMA,http://twitter.com/search?q=%23BTSat2021TMA,%23BTSat2021TMA,807088.0,2021-10-02 13:06:44.759519,Mexico
#ASTRO_TMA2021,http://twitter.com/search?q=%23ASTRO_TMA2021,%23ASTRO_TMA2021,61630.0,2021-10-02 13:06:44.759519,Mexico
jungkook,http://twitter.com/search?q=jungkook,jungkook,1247526.0,2021-10-02 13:06:44.759519,Mexico
#아스트로,http://twitter.com/search?q=%23%EC%95%84%EC%8A%A4%ED%8A%B8%EB%A1%9C,%23%EC%95%84%EC%8A%A4%ED%8A%B8%EB%A1%9C,108877.0,2021-10-02 13:06:44.759519,Mexico
#SuperJuniorChoiceArtist,http://twitter.com/search?q=%23SuperJuniorChoiceArtist,%23SuperJuniorChoiceArtist,75238.0,2021-10-02 13:06:44.759519,Mexico
#FelizSábado,http://twitter.com/search?q=%23FelizS%C3%A1bado,%23FelizS%C3%A1bado,,2021-10-02 13:06:44.759519,Mexico
Rocky,http://twitter.com/search?q=Rocky,Rocky,54071.0,2021-10-02 13:06:44.759519,Mexico
SEVENTEEN ON TMA,http://twitter.com/search?q=%22SEVENTEEN+ON+TMA%22,%22SEVENTEEN+ON+TMA%22,126659.0,2021-10-02 13:06:44.759519,Mexico
eunwoo,http://twitter.com/search?q=eunwoo,eunwoo,27511.0,2021-10-02 13:06:44.759519,Mexico
Maruchan,http://twitter.com/search?q=Maruchan,Maruchan,20420.0,2021-10-02 13:06:44.759519,Mexico
Tlatelolco,http://twitter.com/search?q=Tlatelolco,Tlatelolco,,2021-10-02 13:06:44.759519,Mexico
Heechul,http://twitter.com/search?q=Heechul,Heechul,29513.0,2021-10-02 13:06:44.759519,Mexico
Jinjin,http://twitter.com/search?q=Jinjin,Jinjin,27445.0,2021-10-02 13:06:44.759519,Mexico
Profeco,http://twitter.com/search?q=Profeco,Profeco,10953.0,2021-10-02 13:06:44.759519,Mexico
Lee Know,http://twitter.com/search?q=%22Lee+Know%22,%22Lee+Know%22,76113.0,2021-10-02 13:06:44.759519,Mexico
Tuca,http://twitter.com/search?q=Tuca,Tuca,,2021-10-02 13:06:44.759519,Mexico
García Luna,http://twitter.com/search?q=%22Garc%C3%ADa+Luna%22,%22Garc%C3%ADa+Luna%22,17866.0,2021-10-02 13:06:44.759519,Mexico
#2DeOctubreNoSeOlvida,http://twitter.com/search?q=%232DeOctubreNoSeOlvida,%232DeOctubreNoSeOlvida,,2021-10-02 13:06:44.759519,Mexico
#SEVENTEEN_TMAwards,http://twitter.com/search?q=%23SEVENTEEN_TMAwards,%23SEVENTEEN_TMAwards,114130.0,2021-10-02 13:06:44.759519,Mexico
#ATEEZxTMA,http://twitter.com/search?q=%23ATEEZxTMA,%23ATEEZxTMA,70033.0,2021-10-02 13:06:44.759519,Mexico
#엔하이픈,http://twitter.com/search?q=%23%EC%97%94%ED%95%98%EC%9D%B4%ED%94%88,%23%EC%97%94%ED%95%98%EC%9D%B4%ED%94%88,268551.0,2021-10-02 13:06:44.759519,Mexico
#김현중_PrismTime_INDIGO,http://twitter.com/search?q=%23%EA%B9%80%ED%98%84%EC%A4%91_PrismTime_INDIGO,%23%EA%B9%80%ED%98%84%EC%A4%91_PrismTime_INDIGO,,2021-10-02 13:06:44.759519,Mexico
#슈퍼주니어,http://twitter.com/search?q=%23%EC%8A%88%ED%8D%BC%EC%A3%BC%EB%8B%88%EC%96%B4,%23%EC%8A%88%ED%8D%BC%EC%A3%BC%EB%8B%88%EC%96%B4,43886.0,2021-10-02 13:06:44.759519,Mexico
#SKZTMA_2021,http://twitter.com/search?q=%23SKZTMA_2021,%23SKZTMA_2021,,2021-10-02 13:06:44.759519,Mexico
#TheFactMusicAwards2021,http://twitter.com/search?q=%23TheFactMusicAwards2021,%23TheFactMusicAwards2021,30559.0,2021-10-02 13:06:44.759519,Mexico
#스트레이키즈,http://twitter.com/search?q=%23%EC%8A%A4%ED%8A%B8%EB%A0%88%EC%9D%B4%ED%82%A4%EC%A6%88,%23%EC%8A%A4%ED%8A%B8%EB%A0%88%EC%9D%B4%ED%82%A4%EC%A6%88,105142.0,2021-10-02 13:06:44.759519,Mexico
#KimHyunJoong,http://twitter.com/search?q=%23KimHyunJoong,%23KimHyunJoong,,2021-10-02 13:06:44.759519,Mexico
#에이티즈,http://twitter.com/search?q=%23%EC%97%90%EC%9D%B4%ED%8B%B0%EC%A6%88,%23%EC%97%90%EC%9D%B4%ED%8B%B0%EC%A6%88,252261.0,2021-10-02 13:06:44.759519,Mexico
#Borolas,http://twitter.com/search?q=%23Borolas,%23Borolas,,2021-10-02 13:06:44.759519,Mexico
#MUNEVE,http://twitter.com/search?q=%23MUNEVE,%23MUNEVE,69061.0,2021-10-02 13:06:44.759519,United States
Martial,http://twitter.com/search?q=Martial,Martial,69522.0,2021-10-02 13:06:44.759519,United States
Townsend,http://twitter.com/search?q=Townsend,Townsend,21059.0,2021-10-02 13:06:44.759519,United States
Everton,http://twitter.com/search?q=Everton,Everton,78721.0,2021-10-02 13:06:44.759519,United States
jungkook,http://twitter.com/search?q=jungkook,jungkook,1215959.0,2021-10-02 13:06:44.759519,United States
#SaturdayMorning,http://twitter.com/search?q=%23SaturdayMorning,%23SaturdayMorning,14340.0,2021-10-02 13:06:44.759519,United States
#MUFC,http://twitter.com/search?q=%23MUFC,%23MUFC,92517.0,2021-10-02 13:06:44.759519,United States
Sancho,http://twitter.com/search?q=Sancho,Sancho,24126.0,2021-10-02 13:06:44.759519,United States
#SaturdayThoughts,http://twitter.com/search?q=%23SaturdayThoughts,%23SaturdayThoughts,21736.0,2021-10-02 13:06:44.759519,United States
#BTSat2021TMA,http://twitter.com/search?q=%23BTSat2021TMA,%23BTSat2021TMA,812111.0,2021-10-02 13:06:44.759519,United States
Pogba,http://twitter.com/search?q=Pogba,Pogba,17764.0,2021-10-02 13:06:44.759519,United States
Doucoure,http://twitter.com/search?q=Doucoure,Doucoure,,2021-10-02 13:06:44.759519,United States
ARTIST OF THE YEAR,http://twitter.com/search?q=%22ARTIST+OF+THE+YEAR%22,%22ARTIST+OF+THE+YEAR%22,542419.0,2021-10-02 13:06:44.759519,United States
Good Saturday,http://twitter.com/search?q=%22Good+Saturday%22,%22Good+Saturday%22,20160.0,2021-10-02 13:06:44.759519,United States
Cavani,http://twitter.com/search?q=Cavani,Cavani,19969.0,2021-10-02 13:06:44.759519,United States
Zenith,http://twitter.com/search?q=Zenith,Zenith,,2021-10-02 13:06:44.759519,United States
Pickford,http://twitter.com/search?q=Pickford,Pickford,,2021-10-02 13:06:44.759519,United States
Lindelof,http://twitter.com/search?q=Lindelof,Lindelof,,2021-10-02 13:06:44.759519,United States
McTominay,http://twitter.com/search?q=McTominay,McTominay,,2021-10-02 13:06:44.759519,United States
Gray,http://twitter.com/search?q=Gray,Gray,52308.0,2021-10-02 13:06:44.759519,United States
Bill Maher,http://twitter.com/search?q=%22Bill+Maher%22,%22Bill+Maher%22,,2021-10-02 13:06:44.759519,United States
Old Trafford,http://twitter.com/search?q=%22Old+Trafford%22,%22Old+Trafford%22,20316.0,2021-10-02 13:06:44.759519,United States
McFred,http://twitter.com/search?q=McFred,McFred,,2021-10-02 13:06:44.759519,United States
Wan Bissaka,http://twitter.com/search?q=%22Wan+Bissaka%22,%22Wan+Bissaka%22,,2021-10-02 13:06:44.759519,United States
Rondon,http://twitter.com/search?q=Rondon,Rondon,,2021-10-02 13:06:44.759519,United States
Fulham,http://twitter.com/search?q=Fulham,Fulham,,2021-10-02 13:06:44.759519,United States
Paradise City,http://twitter.com/search?q=%22Paradise+City%22,%22Paradise+City%22,12013.0,2021-10-02 13:06:44.759519,United States
SEVENTEEN ON TMA,http://twitter.com/search?q=%22SEVENTEEN+ON+TMA%22,%22SEVENTEEN+ON+TMA%22,126659.0,2021-10-02 13:06:44.759519,United States
Super Junior,http://twitter.com/search?q=%22Super+Junior%22,%22Super+Junior%22,94948.0,2021-10-02 13:06:44.759519,United States
IT'S GAMEDAY,http://twitter.com/search?q=%22IT%27S+GAMEDAY%22,%22IT%27S+GAMEDAY%22,,2021-10-02 13:06:44.759519,United States
Jinjin,http://twitter.com/search?q=Jinjin,Jinjin,27590.0,2021-10-02 13:06:44.759519,United States
ITS REAL,http://twitter.com/search?q=%22ITS+REAL%22,%22ITS+REAL%22,22928.0,2021-10-02 13:06:44.759519,United States
Athens,http://twitter.com/search?q=Athens,Athens,,2021-10-02 13:06:44.759519,United States
Laporta,http://twitter.com/search?q=Laporta,Laporta,23311.0,2021-10-02 13:06:44.759519,United States
RACE DAY,http://twitter.com/search?q=%22RACE+DAY%22,%22RACE+DAY%22,,2021-10-02 13:06:44.759519,United States
Kang Daniel,http://twitter.com/search?q=%22Kang+Daniel%22,%22Kang+Daniel%22,18874.0,2021-10-02 13:06:44.759519,United States
Fernandes,http://twitter.com/search?q=Fernandes,Fernandes,19575.0,2021-10-02 13:06:44.759519,United States
Caturday,http://twitter.com/search?q=Caturday,Caturday,14169.0,2021-10-02 13:06:44.759519,United States
minghao,http://twitter.com/search?q=minghao,minghao,48170.0,2021-10-02 13:06:44.759519,United States
Luke Shaw,http://twitter.com/search?q=%22Luke+Shaw%22,%22Luke+Shaw%22,,2021-10-02 13:06:44.759519,United States
moonbin,http://twitter.com/search?q=moonbin,moonbin,17655.0,2021-10-02 13:06:44.759519,United States
Heechul,http://twitter.com/search?q=Heechul,Heechul,29436.0,2021-10-02 13:06:44.759519,United States
Mahatma Gandhi,http://twitter.com/search?q=%22Mahatma+Gandhi%22,%22Mahatma+Gandhi%22,91284.0,2021-10-02 13:06:44.759519,United States
Donghae,http://twitter.com/search?q=Donghae,Donghae,41358.0,2021-10-02 13:06:44.759519,United States
MEET DAY,http://twitter.com/search?q=%22MEET+DAY%22,%22MEET+DAY%22,23609.0,2021-10-02 13:06:44.759519,United States
Southampton,http://twitter.com/search?q=Southampton,Southampton,15488.0,2021-10-02 13:06:44.759519,United States
Slept,http://twitter.com/search?q=Slept,Slept,27152.0,2021-10-02 13:06:44.759519,United States
eunwoo,http://twitter.com/search?q=eunwoo,eunwoo,27511.0,2021-10-02 13:06:44.759519,United States
the boyz,http://twitter.com/search?q=%22the+boyz%22,%22the+boyz%22,166692.0,2021-10-02 13:06:44.759519,United States
Halle,http://twitter.com/search?q=Halle,Halle,29884.0,2021-10-02 13:06:44.759519,United States
