trend_name,trend_url,trend_query,tweet_volume,searched_at_datetime,searched_in_country
#MUNEVE,http://twitter.com/search?q=%23MUNEVE,%23MUNEVE,69280.0,2021-10-02 13:06:44.759519,Australia
#DanNext,http://twitter.com/search?q=%23DanNext,%23DanNext,32091.0,2021-10-02 13:06:44.759519,Australia
#RSAvNZL,http://twitter.com/search?q=%23RSAvNZL,%23RSAvNZL,11784.0,2021-10-02 13:06:44.759519,Australia
#nswpol,http://twitter.com/search?q=%23nswpol,%23nswpol,,2021-10-02 13:06:44.759519,Australia
#couchpeloton,http://twitter.com/search?q=%23couchpeloton,%23couchpeloton,,2021-10-02 13:06:44.759519,Australia
#2OutForaBolsonaro,http://twitter.com/search?q=%232OutForaBolsonaro,%232OutForaBolsonaro,33370.0,2021-10-02 13:06:44.759519,Brazil
#BTSat2021TMA,http://twitter.com/search?q=%23BTSat2021TMA,%23BTSat2021TMA,807088.0,2021-10-02 13:06:44.759519,Brazil
#TMA2021,http://twitter.com/search?q=%23TMA2021,%23TMA2021,201291.0,2021-10-02 13:06:44.759519,Brazil
#TMA2021,http://twitter.com/search?q=%23TMA2021,%23TMA2021,201291.0,2021-10-02 13:06:44.759519,Brazil
#ESPNnoStarPlus,http://twitter.com/search?q=%23ESPNnoStarPlus,%23ESPNnoStarPlus,,2021-10-02 13:06:44.759519,Brazil
#MUNEVE,http://twitter.com/search?q=%23MUNEVE,%23MUNEVE,69280.0,2021-10-02 13:06:44.759519,Canada
#ACToTheMagic,http://twitter.com/search?q=%23ACToTheMagic,%23ACToTheMagic,,2021-10-02 13:06:44.759519,Canada
#MUFC,http://twitter.com/search?q=%23MUFC,%23MUFC,92357.0,2021-10-02 13:06:44.759519,Canada
#SaturdayMorning,http://twitter.com/search?q=%23SaturdayMorning,%23SaturdayMorning,14358.0,2021-10-02 13:06:44.759519,Canada
#Caturday,http://twitter.com/search?q=%23Caturday,%23Caturday,11552.0,2021-10-02 13:06:44.759519,Canada
#MUNEVE,http://twitter.com/search?q=%23MUNEVE,%23MUNEVE,69061.0,2021-10-02 13:06:44.759519,France
#CampusMajo,http://twitter.com/search?q=%23CampusMajo,%23CampusMajo,,2021-10-02 13:06:44.759519,France
#TMA2021,http://twitter.com/search?q=%23TMA2021,%23TMA2021,201291.0,2021-10-02 13:06:44.759519,France
#beINLigue2,http://twitter.com/search?q=%23beINLigue2,%23beINLigue2,,2021-10-02 13:06:44.759519,France
#Manifs2octobre,http://twitter.com/search?q=%23Manifs2octobre,%23Manifs2octobre,21891.0,2021-10-02 13:06:44.759519,France
#BTSat2021TMA,http://twitter.com/search?q=%23BTSat2021TMA,%23BTSat2021TMA,807088.0,2021-10-02 13:06:44.759519,France
#ASCTFC,http://twitter.com/search?q=%23ASCTFC,%23ASCTFC,,2021-10-02 13:06:44.759519,France
#ATEEZxTMA,http://twitter.com/search?q=%23ATEEZxTMA,%23ATEEZxTMA,69948.0,2021-10-02 13:06:44.759519,France
#GiveawayAudi,http://twitter.com/search?q=%23GiveawayAudi,%23GiveawayAudi,,2021-10-02 13:06:44.759519,France
#RSAvNZL,http://twitter.com/search?q=%23RSAvNZL,%23RSAvNZL,11784.0,2021-10-02 13:06:44.759519,France
#pompiers,http://twitter.com/search?q=%23pompiers,%23pompiers,,2021-10-02 13:06:44.759519,France
#betze,http://twitter.com/search?q=%23betze,%23betze,,2021-10-02 13:06:44.759519,Germany
#comedypreis,http://twitter.com/search?q=%23comedypreis,%23comedypreis,,2021-10-02 13:06:44.759519,Germany
#MUNEVE,http://twitter.com/search?q=%23MUNEVE,%23MUNEVE,69061.0,2021-10-02 13:06:44.759519,Germany
#Polizei110,http://twitter.com/search?q=%23Polizei110,%23Polizei110,,2021-10-02 13:06:44.759519,Germany
#F95SCP,http://twitter.com/search?q=%23F95SCP,%23F95SCP,,2021-10-02 13:06:44.759519,Germany
#MIvsDC,http://twitter.com/search?q=%23MIvsDC,%23MIvsDC,,2021-10-02 13:06:44.759519,India
#MUNEVE,http://twitter.com/search?q=%23MUNEVE,%23MUNEVE,69280.0,2021-10-02 13:06:44.759519,India
#RRROnJan7th,http://twitter.com/search?q=%23RRROnJan7th,%23RRROnJan7th,45761.0,2021-10-02 13:06:44.759519,India
#WithPK,http://twitter.com/search?q=%23WithPK,%23WithPK,14330.0,2021-10-02 13:06:44.759519,India
#RRRMovie,http://twitter.com/search?q=%23RRRMovie,%23RRRMovie,76643.0,2021-10-02 13:06:44.759519,India
#ChaySam,http://twitter.com/search?q=%23ChaySam,%23ChaySam,,2021-10-02 13:06:44.759519,India
#RRRMoive,http://twitter.com/search?q=%23RRRMoive,%23RRRMoive,,2021-10-02 13:06:44.759519,India
#komarambheemntr,http://twitter.com/search?q=%23komarambheemntr,%23komarambheemntr,25349.0,2021-10-02 13:06:44.759519,India
#DCvsMI,http://twitter.com/search?q=%23DCvsMI,%23DCvsMI,,2021-10-02 13:06:44.759519,India
#Samantha,http://twitter.com/search?q=%23Samantha,%23Samantha,,2021-10-02 13:06:44.759519,India
#GandhiJayanti,http://twitter.com/search?q=%23GandhiJayanti,%23GandhiJayanti,250660.0,2021-10-02 13:06:44.759519,India
#2ottobre,http://twitter.com/search?q=%232ottobre,%232ottobre,,2021-10-02 13:06:44.759519,Italy
#festadeinonni,http://twitter.com/search?q=%23festadeinonni,%23festadeinonni,,2021-10-02 13:06:44.759519,Italy
#FratellidItalia,http://twitter.com/search?q=%23FratellidItalia,%23FratellidItalia,11281.0,2021-10-02 13:06:44.759519,Italy
#scenedaunmatrimonio,http://twitter.com/search?q=%23scenedaunmatrimonio,%23scenedaunmatrimonio,,2021-10-02 13:06:44.759519,Italy
#FanPage,http://twitter.com/search?q=%23FanPage,%23FanPage,,2021-10-02 13:06:44.759519,Italy
#inktober2021,http://twitter.com/search?q=%23inktober2021,%23inktober2021,48751.0,2021-10-02 13:06:44.759519,Ukraine
#Rihanna,http://twitter.com/search?q=%23Rihanna,%23Rihanna,,2021-10-02 13:06:44.759519,Ukraine
#BTSat2021TMA,http://twitter.com/search?q=%23BTSat2021TMA,%23BTSat2021TMA,807088.0,2021-10-02 13:06:44.759519,Ukraine
#theSimsУкраїнською,http://twitter.com/search?q=%23theSims%D0%A3%D0%BA%D1%80%D0%B0%D1%97%D0%BD%D1%81%D1%8C%D0%BA%D0%BE%D1%8E,%23theSims%D0%A3%D0%BA%D1%80%D0%B0%D1%97%D0%BD%D1%81%D1%8C%D0%BA%D0%BE%D1%8E,,2021-10-02 13:06:44.759519,Ukraine
#ellendegeneres,http://twitter.com/search?q=%23ellendegeneres,%23ellendegeneres,,2021-10-02 13:06:44.759519,Ukraine
#BTSat2021TMA,http://twitter.com/search?q=%23BTSat2021TMA,%23BTSat2021TMA,807088.0,2021-10-02 13:06:44.759519,Mexico
#ASTRO_TMA2021,http://twitter.com/search?q=%23ASTRO_TMA2021,%23ASTRO_TMA2021,61630.0,2021-10-02 13:06:44.759519,Mexico
#아스트로,http://twitter.com/search?q=%23%EC%95%84%EC%8A%A4%ED%8A%B8%EB%A1%9C,%23%EC%95%84%EC%8A%A4%ED%8A%B8%EB%A1%9C,108877.0,2021-10-02 13:06:44.759519,Mexico
#SuperJuniorChoiceArtist,http://twitter.com/search?q=%23SuperJuniorChoiceArtist,%23SuperJuniorChoiceArtist,75238.0,2021-10-02 13:06:44.759519,Mexico
#FelizSábado,http://twitter.com/search?q=%23FelizS%C3%A1bado,%23FelizS%C3%A1bado,,2021-10-02 13:06:44.759519,Mexico
#2DeOctubreNoSeOlvida,http://twitter.com/search?q=%232DeOctubreNoSeOlvida,%232DeOctubreNoSeOlvida,,2021-10-02 13:06:44.759519,Mexico
#SEVENTEEN_TMAwards,http://twitter.com/search?q=%23SEVENTEEN_TMAwards,%23SEVENTEEN_TMAwards,114130.0,2021-10-02 13:06:44.759519,Mexico
#ATEEZxTMA,http://twitter.com/search?q=%23ATEEZxTMA,%23ATEEZxTMA,70033.0,2021-10-02 13:06:44.759519,Mexico
#엔하이픈,http://twitter.com/search?q=%23%EC%97%94%ED%95%98%EC%9D%B4%ED%94%88,%23%EC%97%94%ED%95%98%EC%9D%B4%ED%94%88,268551.0,2021-10-02 13:06:44.759519,Mexico
#김현중_PrismTime_INDIGO,http://twitter.com/search?q=%23%EA%B9%80%ED%98%84%EC%A4%91_PrismTime_INDIGO,%23%EA%B9%80%ED%98%84%EC%A4%91_PrismTime_INDIGO,,2021-10-02 13:06:44.759519,Mexico
#슈퍼주니어,http://twitter.com/search?q=%23%EC%8A%88%ED%8D%BC%EC%A3%BC%EB%8B%88%EC%96%B4,%23%EC%8A%88%ED%8D%BC%EC%A3%BC%EB%8B%88%EC%96%B4,43886.0,2021-10-02 13:06:44.759519,Mexico
#SKZTMA_2021,http://twitter.com/search?q=%23SKZTMA_2021,%23SKZTMA_2021,,2021-10-02 13:06:44.759519,Mexico
#TheFactMusicAwards2021,http://twitter.com/search?q=%23TheFactMusicAwards2021,%23TheFactMusicAwards2021,30559.0,2021-10-02 13:06:44.759519,Mexico
#스트레이키즈,http://twitter.com/search?q=%23%EC%8A%A4%ED%8A%B8%EB%A0%88%EC%9D%B4%ED%82%A4%EC%A6%88,%23%EC%8A%A4%ED%8A%B8%EB%A0%88%EC%9D%B4%ED%82%A4%EC%A6%88,105142.0,2021-10-02 13:06:44.759519,Mexico
#KimHyunJoong,http://twitter.com/search?q=%23KimHyunJoong,%23KimHyunJoong,,2021-10-02 13:06:44.759519,Mexico
#에이티즈,http://twitter.com/search?q=%23%EC%97%90%EC%9D%B4%ED%8B%B0%EC%A6%88,%23%EC%97%90%EC%9D%B4%ED%8B%B0%EC%A6%88,252261.0,2021-10-02 13:06:44.759519,Mexico
#Borolas,http://twitter.com/search?q=%23Borolas,%23Borolas,,2021-10-02 13:06:44.759519,Mexico
#MUNEVE,http://twitter.com/search?q=%23MUNEVE,%23MUNEVE,69061.0,2021-10-02 13:06:44.759519,United States
#SaturdayMorning,http://twitter.com/search?q=%23SaturdayMorning,%23SaturdayMorning,14340.0,2021-10-02 13:06:44.759519,United States
#MUFC,http://twitter.com/search?q=%23MUFC,%23MUFC,92517.0,2021-10-02 13:06:44.759519,United States
#SaturdayThoughts,http://twitter.com/search?q=%23SaturdayThoughts,%23SaturdayThoughts,21736.0,2021-10-02 13:06:44.759519,United States
#BTSat2021TMA,http://twitter.com/search?q=%23BTSat2021TMA,%23BTSat2021TMA,812111.0,2021-10-02 13:06:44.759519,United States
